r,a_yield,a_base,a_base_k2,a_base_k5,a_abar5,a_abar20,a_tau05,a_tau2,a_eta05,a_eta2,v_yield,v_base,v_base_k2,v_base_k5,v_abar5,v_abar20,v_tau05,v_tau2,v_eta05,v_eta2
0.0,18.329999999987493,19.93570919144204,19.78676298255978,19.711683531471092,20.06652787363232,19.725046707893366,20.04621993243728,19.767796689877937,20.000989552319727,19.820203017773302,1.0000000000006826,0.9194556272855678,0.9263768922767315,0.9299053513483445,0.9134614675459555,0.9292753660585702,0.9143868550668638,0.9272657083419846,0.9573163823984531,0.8552808194686655
0.0025,18.329999999987493,19.93570919144204,19.78676298255978,19.711429757804343,20.06652787363232,19.725046707893366,20.04621993243728,19.767796689877937,20.000989552319727,19.820203017773302,1.0000000000006826,0.9194556272855678,0.9263768922767315,0.9299173233612142,0.9134614675459555,0.9292753660585702,0.9143868550668638,0.9272657083419846,0.9573163823984531,0.8552808194686655
0.005,18.329999999987493,19.93570919144204,19.78676298255978,19.711175871395444,20.06652787363232,19.725046707893366,20.04621993243728,19.767796689877937,20.000989552319727,19.820203017773302,1.0000000000006826,0.9194556272855678,0.9263768922767315,0.929929301001277,0.9134614675459555,0.9292753660585702,0.9143868550668638,0.9272657083419846,0.9573163823984531,0.8552808194686655
0.0075,18.329999999987493,19.93570919144204,19.78676298255978,19.710921872171397,20.06652787363232,19.725046707893366,20.04621993243728,19.767796689877937,20.000989552319727,19.820203017773302,1.0000000000006826,0.9194556272855678,0.9263768922767315,0.9299412842723997,0.9134614675459555,0.9292753660585702,0.9143868550668638,0.9272657083419846,0.9573163823984531,0.8552808194686655
0.01,18.329999999987493,19.93570919144204,19.78676298255978,19.710667760059156,20.06652787363232,19.725046707893366,20.04621993243728,19.767796689877937,20.000989552319727,19.820203017773302,1.0000000000006826,0.9194556272855678,0.9263768922767315,0.9299532731784521,0.9134614675459555,0.9292753660585702,0.9143868550668638,0.9272657083419846,0.9573163823984531,0.8552808194686655
0.0125,18.329999999987493,19.93570919144204,19.78676298255978,19.7104135349856,20.06652787363232,19.725046707893366,20.04621993243728,19.767796689877937,20.000989552319727,19.820203017773302,1.0000000000006826,0.9194556272855678,0.9263768922767315,0.9299652677233081,0.9134614675459555,0.9292753660585702,0.9143868550668638,0.9272657083419846,0.9573163823984531,0.8552808194686655
0.015,18.329999999987493,19.93570919144204,19.78676298255978,19.7101603691677,20.06652787363232,19.725046707893366,20.04621993243728,19.767796689877937,20.000989552319727,19.820203017773302,1.0000000000006826,0.9194556272855678,0.9263768922767315,0.9299772125991091,0.9134614675459555,0.9292753660585702,0.9143868550668638,0.9272657083419846,0.9573163823984531,0.8552808194686655
0.0175,18.329999999987493,19.93570919144204,19.78676298255978,19.709906975599853,20.06652787363232,19.725046707893366,20.04621993243728,19.767796689877937,20.000989552319727,19.820203017773302,1.0000000000006826,0.9194556272855678,0.9263768922767315,0.9299891685278816,0.9134614675459555,0.9292753660585702,0.9143868550668638,0.9272657083419846,0.9573163823984531,0.8552808194686655
0.02,18.329999999987493,19.93570919144204,19.78676298255978,19.709653353978425,20.06652787363232,19.725046707893366,20.04621993243728,19.767796689877937,20.000989552319727,19.820203017773302,1.0000000000006826,0.9194556272855678,0.9263768922767315,0.930001135524794,0.9134614675459555,0.9292753660585702,0.9143868550668638,0.9272657083419846,0.9573163823984531,0.8552808194686655
0.0225,18.329999999987493,19.93570919144204,19.78676298255978,19.709399503999254,20.06652787363232,19.725046707893366,20.04621993243728,19.767796689877937,20.000989552319727,19.820203017773302,1.0000000000006826,0.9194556272855678,0.9263768922767315,0.9300131136050411,0.9134614675459555,0.9292753660585702,0.9143868550668638,0.9272657083419846,0.9573163823984531,0.8552808194686655
0.025,18.329999999987493,19.93570919144204,19.78676298255978,19.709145425357637,20.06652787363232,19.725046707893366,20.04621993243728,19.767796689877937,20.000989552319727,19.820203017773302,1.0000000000006826,0.9194556272855678,0.9263768922767315,0.9300251027838459,0.9134614675459555,0.9292753660585702,0.9143868550668638,0.9272657083419846,0.9573163823984531,0.8552808194686655
0.0275,18.329999999987493,19.93570919144204,19.78676298255978,19.708640175845133,20.06652787363232,19.725046707893366,20.04621993243728,19.767796689877937,20.000989552319727,19.820203017773302,1.0000000000006826,0.9194556272855678,0.9263768922767315,0.9300489448513658,0.9134614675459555,0.9292753660585702,0.9143868550668638,0.9272657083419846,0.9573163823984531,0.8552808194686655
0.03,18.329999999987493,19.93570919144204,19.78676298255978,19.70813499361682,20.06652787363232,19.725046707893366,20.04621993243728,19.767796689877937,20.000989552319727,19.820203017773302,1.0000000000006826,0.9194556272855678,0.9263768922767315,0.930072784966047,0.9134614675459555,0.9292753660585702,0.9143868550668638,0.9272657083419846,0.9573163823984531,0.8552808194686655
0.0325,18.329999999987493,19.93570919144204,19.78676298255978,19.707629878661407,20.06652787363232,19.725046707893366,20.04621993243728,19.767796689877937,20.000989552319727,19.820203017773302,1.0000000000006826,0.9194556272855678,0.9263768922767315,0.930096623128028,0.9134614675459555,0.9292753660585702,0.9143868550668638,0.9272657083419846,0.9573163823984531,0.8552808194686655
0.035,18.329999999987493,19.93570919144204,19.78676298255978,19.707124830967597,20.06652787363232,19.725046707893366,20.04621993243728,19.767796689877937,20.000989552319727,19.820203017773302,1.0000000000006826,0.9194556272855678,0.9263768922767315,0.9301204593374476,0.9134614675459555,0.9292753660585702,0.9143868550668638,0.9272657083419846,0.9573163823984531,0.8552808194686655
0.0375,18.329999999987493,19.93570919144204,19.78676298255978,19.70661985052411,20.06652787363232,19.725046707893366,20.04621993243728,19.767796689877937,20.000989552319727,19.820203017773302,1.0000000000006826,0.9194556272855678,0.9263768922767315,0.9301442935944444,0.9134614675459555,0.9292753660585702,0.9143868550668638,0.9272657083419846,0.9573163823984531,0.8552808194686655
0.04,18.329999999987493,19.93570919144204,19.78673756867895,19.70610059194508,20.06652787363232,19.725046707893366,20.04621993243728,19.767796689877937,20.000989552319727,19.820203017773302,1.0000000000006826,0.9194556272855678,0.9263780821056187,0.9301688030300849,0.9134614675459555,0.9292753660585702,0.9143868550668638,0.9272657083419846,0.9573163823984531,0.8552808194686655
0.0425,18.329999999987493,19.93570919144204,19.786712157648683,19.70558152088144,20.06652787363232,19.725046707893366,20.04621993243728,19.767796689877937,20.000989552319727,19.820203017773302,1.0000000000006826,0.9194556272855678,0.9263792718041042,0.9301933049058322,0.9134614675459555,0.9292753660585702,0.9143868550668638,0.9272657083419846,0.9573163823984531,0.8552808194686655
0.045,18.329999999987493,19.93570919144204,19.786686749468487,19.705062637230476,20.06652787363232,19.725046707893366,20.04621993243728,19.767796689877937,20.000989552319727,19.820203017773302,1.0000000000006826,0.9194556272855678,0.9263804613722094,0.9302177992252382,0.9134614675459555,0.9292753660585702,0.9143868550668638,0.9272657083419846,0.9573163823984531,0.8552808194686655
0.0475,18.329999999987493,19.93570919144204,19.786661344137883,19.704543940889558,20.06652787363232,19.725046707893366,20.04621993243728,19.767796689877937,20.000989552319727,19.820203017773302,1.0000000000006826,0.9194556272855678,0.9263816508099564,0.9302422859918522,0.9134614675459555,0.9292753660585702,0.9143868550668638,0.9272657083419846,0.9573163823984531,0.8552808194686655
0.05,18.329999999987493,19.93570919144204,19.78663594165638,19.704025431756122,20.06652787363232,19.725046707893366,20.04621993243728,19.767796689877937,20.000989552319727,19.820203017773302,1.0000000000006826,0.9194556272855678,0.9263828401173666,0.9302667652092215,0.9134614675459555,0.9292753660585702,0.9143868550668638,0.9272657083419846,0.9573163823984531,0.8552808194686655
0.0525,18.329999999987493,19.93570919144204,19.78663594165638,19.70352114668268,20.06652787363232,19.725046707893366,20.04621993243728,19.767796689877937,20.000989552319727,19.820203017773302,1.0000000000006826,0.9194556272855678,0.9263828401173666,0.9302905741335514,0.9134614675459555,0.9292753660585702,0.9143868550668638,0.9272657083419846,0.9573163823984531,0.8552808194686655
0.055,18.329999999987493,19.93570919144204,19.78663594165638,19.703016928698393,20.06652787363232,19.725046707893366,20.04621993243728,19.767796689877937,20.000989552319727,19.820203017773302,1.0000000000006826,0.9194556272855678,0.9263828401173666,0.9303143811088886,0.9134614675459555,0.9292753660585702,0.9143868550668638,0.9272657083419846,0.9573163823984531,0.8552808194686655
0.0575,18.329999999987493,19.93570919144204,19.78663594165638,19.702512777792023,20.06652787363232,19.725046707893366,20.04621993243728,19.767796689877937,20.000989552319727,19.820203017773302,1.0000000000006826,0.9194556272855678,0.9263828401173666,0.9303381861353711,0.9134614675459555,0.9292753660585702,0.9143868550668638,0.9272657083419846,0.9573163823984531,0.8552808194686655
0.06,18.329999999987493,19.93570919144204,19.78663594165638,19.702008693952315,20.06652787363232,19.725046707893366,20.04621993243728,19.767796689877937,20.000989552319727,19.820203017773302,1.0000000000006826,0.9194556272855678,0.9263828401173666,0.9303619892131372,0.9134614675459555,0.9292753660585702,0.9143868550668638,0.9272657083419846,0.9573163823984531,0.8552808194686655
0.0625,18.329999999987493,19.93570919144204,19.78663594165638,19.70150467716803,20.06652787363232,19.725046707893366,20.04621993243728,19.767796689877937,20.000989552319727,19.820203017773302,1.0000000000006826,0.9194556272855678,0.9263828401173666,0.9303857903423255,0.9134614675459555,0.9292753660585702,0.9143868550668638,0.9272657083419846,0.9573163823984531,0.8552808194686655
0.065,18.329999999987493,19.93570919144204,19.786633529331706,19.700954906873495,20.06652787363232,19.725046707893366,20.04621993243728,19.767796689877937,20.00098955231973,19.820203017773302,1.0000000000006826,0.9194556272855678,0.9263829530590743,0.9304117534731691,0.9134614675459555,0.9292753660585702,0.9143868550668638,0.9272657083419846,0.9573163823984531,0.8552808194686655
0.0675,18.329999999987493,19.93570919144204,19.786631116738825,19.700404335042478,20.06652787363232,19.725046707893366,20.04621993243728,19.767796689877937,20.000989552319727,19.820203017773302,1.0000000000006826,0.9194556272855678,0.9263830660133671,0.9304377559091596,0.9134614675459555,0.9292753660585702,0.9143868550668638,0.9272657083419846,0.9573163823984531,0.8552808194686655
0.07,18.329999999987493,19.93570919144204,19.786628703877692,19.69985295995178,20.06652787363232,19.725046707893366,20.04621993243728,19.767796689877937,20.000989552319727,19.820203017773302,1.0000000000006826,0.9194556272855678,0.926383178980246,0.9304637977381567,0.9134614675459555,0.9292753660585702,0.9143868550668638,0.9272657083419846,0.9573163823984531,0.8552808194686655
0.0725,18.329999999987493,19.93570919144204,19.78662629074827,19.69930077987335,20.06652787363232,19.725046707893366,20.04621993243728,19.767796689877937,20.000989552319727,19.820203017773302,1.0000000000006826,0.9194556272855678,0.9263832919597138,0.9304898790482781,0.9134614675459555,0.9292753660585702,0.9143868550668638,0.9272657083419846,0.9573163823984531,0.8552808194686655
0.075,18.329999999987493,19.93570919144204,19.78662387735051,19.698747793074293,20.06652787363232,19.725046707893366,20.04621993243728,19.767796689877937,20.000989552319727,19.820203017773302,1.0000000000006826,0.9194556272855678,0.9263834049517721,0.9305159999278981,0.9134614675459555,0.9292753660585702,0.9143868550668638,0.9272657083419846,0.9573163823984531,0.8552808194686655
0.0775,18.329999999987493,19.93570919144204,19.786568235457317,19.698141638738328,20.06652787363232,19.725046707893366,20.04621993243728,19.767796689877937,20.00098955231973,19.820203017773302,1.0000000000006826,0.9194556272855678,0.9263860100385088,0.9305446339137017,0.9134614675459555,0.9292753660585702,0.9143868550668638,0.9272657083419846,0.9573163823984531,0.8552808194686655
0.08,18.329999999987493,19.93570919144204,19.786512593673,19.697535429521764,20.06652787363232,19.725046707893366,20.04621993243728,19.767796689877937,20.000989552319727,19.820203017773302,1.0000000000006826,0.9194556272855678,0.9263886151347998,0.9305732722545499,0.9134614675459555,0.9292753660585702,0.9143868550668638,0.9272657083419846,0.9573163823984531,0.8552808194686655
0.0825,18.329999999987493,19.93570919144204,19.786456951997554,19.696929165426262,20.06652787363232,19.725046707893366,20.04621993243728,19.767796689877937,20.000989552319727,19.820203017773302,1.0000000000006826,0.9194556272855678,0.9263912202406448,0.9306019149510062,0.9134614675459555,0.9292753660585702,0.9143868550668638,0.9272657083419846,0.9573163823984531,0.8552808194686655
0.085,18.329999999987493,19.93570919144204,19.786401310430993,19.696322846453477,20.06652787363232,19.725046707893366,20.04621993243728,19.767796689877937,20.000989552319727,19.820203017773302,1.0000000000006826,0.9194556272855678,0.9263938253560436,0.9306305620036334,0.9134614675459555,0.9292753660585702,0.9143868550668638,0.9272657083419846,0.9573163823984531,0.8552808194686655
0.0875,18.329999999987493,19.93570919144204,19.78634566897332,19.69571647260509,20.06652787363232,19.725046707893366,20.04621993243728,19.767796689877937,20.000989552319727,19.820203017773302,1.0000000000006826,0.9194556272855678,0.9263964304809963,0.9306592134129942,0.9134614675459555,0.9292753660585702,0.9143868550668638,0.9272657083419846,0.9573163823984531,0.8552808194686655
0.09,18.329999999987493,19.93570919144204,19.78629245956876,19.69495666151964,20.06652787363232,19.725046707893366,20.04621993243728,19.767796689877937,20.000989552319727,19.820203017773302,1.0000000000006826,0.9194556272855678,0.9263989217512811,0.930695117284187,0.9134614675459555,0.9292753660585702,0.9143868550668638,0.9272657083419846,0.9573163823984531,0.8552808194686655
0.0925,18.329999999987493,19.93570919144204,19.78623925618438,19.694197305856246,20.06652787363232,19.725046707893366,20.04621993243728,19.767796689877937,20.000989552319727,19.820203017773302,1.0000000000006826,0.9194556272855678,0.9264014127530972,0.9307310024028963,0.9134614675459555,0.9292753660585702,0.9143868550668638,0.9272657083419846,0.9573163823984531,0.8552808194686655
0.095,18.329999999987493,19.93570919144204,19.78618605881915,19.693438405199558,20.06652787363232,19.725046707893366,20.04621993243728,19.767796689877937,20.000989552319727,19.820203017773302,1.0000000000006826,0.9194556272855678,0.9264039034864885,0.9307668687840935,0.9134614675459555,0.9292753660585702,0.9143868550668638,0.9272657083419846,0.9573163823984531,0.8552808194686655
0.0975,18.329999999987493,19.93570919144204,19.78613286747204,19.692679959134722,20.06652787363232,19.725046707893366,20.04621993243728,19.767796689877937,20.000989552319727,19.820203017773302,1.0000000000006826,0.9194556272855678,0.9264063939514988,0.9308027164427347,0.9134614675459555,0.9292753660585702,0.9143868550668638,0.9272657083419846,0.9573163823984531,0.8552808194686655
0.1,18.329999999987493,19.93570919144204,19.78607968214201,19.691921967247396,20.06652787363232,19.725046707893366,20.04621993243728,19.767796689877937,20.000989552319727,19.820203017773302,1.0000000000006826,0.9194556272855678,0.9264088841481722,0.9308385453937603,0.9134614675459555,0.9292753660585702,0.9143868550668638,0.9272657083419846,0.9573163823984531,0.8552808194686655
0.1025,18.329999999987493,19.93570919144327,19.786021610478066,19.691085364887908,20.066527873632317,19.725041637182297,20.046219932437214,19.76779362397936,20.000989552319727,19.820202526609354,1.0000000000006826,0.9194556272855112,0.9264116031437568,0.9308780933266928,0.9134614675459557,0.9292756049471348,0.9143868550668668,0.9272658521568516,0.9573163823984531,0.8552808618580517
0.105,18.329999999987493,19.93570919144448,19.78596353247153,19.690248313242815,20.066527873632314,19.725036565982887,20.046219932437154,19.767790557779104,20.00098955231973,19.82020203539616,1.0000000000006826,0.9194556272854553,0.9264143224522733,0.9309176658616354,0.9134614675459559,0.9292758438588289,0.9143868550668696,0.9272659959859146,0.9573163823984531,0.8552809042516911
0.1075,18.329999999987493,19.93570919144568,19.78590544812139,19.6894108119911,20.06652787363231,19.725031494295063,20.04621993243709,19.767787491277126,20.00098955231973,19.820201544133724,1.0000000000006826,0.9194556272853999,0.9264170420737747,0.9309572630196126,0.9134614675459559,0.9292760827936555,0.9143868550668723,0.9272661398291756,0.9573163823984531,0.8552809466495837
0.11,18.329999999987493,19.935709191446872,19.78584735742663,19.688572860811522,20.06652787363231,19.725026422118756,20.04621993243703,19.767784424473376,20.00098955231973,19.82020105282202,1.0000000000006826,0.919455627285345,0.9264197620083137,0.9309968848216699,0.913461467545956,0.9292763217516183,0.9143868550668751,0.9272662836866363,0.9573163823984531,0.855280989051731
0.1125,18.329999999987493,19.93570919144805,19.78578926038623,19.687734459382632,20.066527873632307,19.725021349453893,20.046219932436966,19.767781357367813,20.00098955231973,19.82020056146106,1.0000000000006826,0.9194556272852906,0.9264224822559435,0.931036531288872,0.9134614675459563,0.9292765607327207,0.9143868550668781,0.9272664275582994,0.9573163823984531,0.8552810314581327
0.115,18.329999999987493,19.93570919144805,19.78572869359787,19.686867097456343,20.066527873632307,19.725021349453893,20.046219932436966,19.767781357367813,20.00098955231973,19.82020056146106,1.0000000000006826,0.9194556272852906,0.926425318160311,0.9310775507987427,0.9134614675459563,0.9292765607327207,0.9143868550668781,0.9272664275582994,0.9573163823984531,0.8552810314581327
0.1175,18.329999999987493,19.93570919144805,19.785668113455856,19.685999270282252,20.066527873632307,19.725021349453893,20.046219932436966,19.767781357367813,20.00098955231973,19.82020056146106,1.0000000000006826,0.9194556272852906,0.9264281547073013,0.93111859592877,0.9134614675459563,0.9292765607327207,0.9143868550668781,0.9272664275582994,0.9573163823984531,0.8552810314581327
0.12,18.329999999987493,19.93570919144805,19.78560751995582,19.685130977530957,20.066527873632307,19.725021349453893,20.046219932436966,19.767781357367813,20.00098955231973,19.82020056146106,1.0000000000006826,0.9194556272852906,0.9264309918971307,0.9311596667008347,0.9134614675459563,0.9292765607327207,0.9143868550668781,0.9272664275582994,0.9573163823984531,0.8552810314581327
0.1225,18.329999999987493,19.93570919144805,19.785546913093402,19.684262218872824,20.066527873632307,19.725021349453893,20.046219932436966,19.767781357367813,20.00098955231973,19.82020056146106,1.0000000000006826,0.9194556272852906,0.9264338297300153,0.9312007631368379,0.9134614675459563,0.9292765607327207,0.9143868550668781,0.9272664275582994,0.9573163823984531,0.8552810314581327
0.125,18.329999999987493,19.93570919144805,19.78548629286422,19.68339299397801,20.066527873632307,19.725021349453893,20.046219932436966,19.767781357367813,20.00098955231973,19.82020056146106,1.0000000000006826,0.9194556272852906,0.9264366682061713,0.9312418852587017,0.9134614675459563,0.9292765607327207,0.9143868550668781,0.9272664275582994,0.9573163823984531,0.8552810314581327
0.1275,18.329999999987493,19.935702870772417,19.78540526955562,19.68253501027051,20.066512882557028,19.725021349453893,20.04620656250984,19.767781357367813,20.000978907900404,19.82020056146106,1.0000000000006826,0.9194559188015125,0.926440462061442,0.9312824791336712,0.9134621499649546,0.9292765607327207,0.9143874649221929,0.9272664275582995,0.9573166371378758,0.8552810314581327
0.13,18.329999999987493,19.935696550853883,19.785324255498384,19.68167636942183,20.066497893385474,19.72502134945389,20.04619319423721,19.76778135736781,20.000968264809796,19.82020056146106,1.0000000000006826,0.9194562102830008,0.9264442555145921,0.9313231076433184,0.9134628322983118,0.9292765607327207,0.9143880747028533,0.9272664275582995,0.9573168918457035,0.8552810314581327
0.1325,18.329999999987493,19.93569023169231,19.785243250690897,19.68081707073081,20.06648290611729,19.72502134945389,20.046179827618758,19.767781357367802,20.00095762304765,19.82020056146106,1.0000000000006826,0.9194565017297622,0.9264480485656866,0.9313637708294268,0.9134635145460434,0.9292765607327207,0.9143886844088728,0.9272664275582999,0.957317146521942,0.8552810314581327
0.135,18.329999999987493,19.93568391328756,19.78516225513155,19.67995711349542,20.06646792075211,19.72502134945389,20.046166462654185,19.7677813573678,20.000946982613716,19.82020056146106,1.0000000000006826,0.9194567931418027,0.9264518412147906,0.9314044687338422,0.9134641967081657,0.9292765607327207,0.9143892940402653,0.9272664275582999,0.9573174011665971,0.8552810314581327
0.1375,18.329999999987493,19.935677595639497,19.78508126881874,19.679096497012765,20.06645293728957,19.72502134945389,20.04615309934318,19.7677813573678,20.00093634350775,19.82020056146106,1.0000000000006826,0.9194570845191284,0.9264556334619691,0.931445201398471,0.913464878784695,0.9292765607327207,0.9143899035970443,0.9272664275583001,0.9573176557796749,0.8552810314581327
0.14,18.329999999987493,19.93567759563898,19.784937117262338,19.678129502881685,20.066452937289426,19.72502134945389,20.04615309934321,19.7677813573678,20.00093634350775,19.82020056146106,1.0000000000006826,0.9194570845191523,0.9264623835476886,0.9314909731291148,0.9134648787847016,0.9292765607327207,0.9143899035970429,0.9272664275583001,0.9573176557796749,0.8552810314581327
0.1425,18.329999999987493,19.935677595638452,19.784792934340466,19.67716188179589,20.06645293728928,19.72502134945389,20.046153099343247,19.7677813573678,20.00093634350775,19.82020056146106,1.0000000000006826,0.9194570845191765,0.9264691352005315,0.9315367790391459,0.9134648787847081,0.9292765607327207,0.9143899035970412,0.9272664275583001,0.9573176557796749,0.8552810314581327
0.145,18.329999999987493,19.93567759563793,19.78464872004321,19.676193633211355,20.066452937289135,19.72502134945389,20.046153099343282,19.7677813573678,20.00093634350775,19.82020056146106,1.0000000000006826,0.9194570845192007,0.9264758884210286,0.9315826191637431,0.9134648787847145,0.9292765607327207,0.9143899035970395,0.9272664275583001,0.9573176557796749,0.8552810314581327
0.1475,18.329999999987493,19.9356775956374,19.784504474360656,19.67522475658358,20.06645293728899,19.72502134945389,20.046153099343318,19.7677813573678,20.00093634350775,19.82020056146106,1.0000000000006826,0.9194570845192251,0.9264826432097104,0.9316284935381259,0.9134648787847214,0.9292765607327207,0.9143899035970381,0.9272664275583001,0.9573176557796749,0.8552810314581327
0.15,18.329999999987493,19.935677595636868,19.78436019728288,19.674255251367594,20.066452937288844,19.72502134945389,20.046153099343353,19.7677813573678,20.00093634350775,19.82020056146106,1.0000000000006826,0.9194570845192498,0.9264893995671079,0.9316744021975547,0.9134648787847279,0.9292765607327207,0.9143899035970364,0.9272664275583001,0.9573176557796749,0.8552810314581327
0.1525,18.329999999987493,19.935600552972808,19.78408689191675,19.673036321097232,20.066387848685245,19.724959016552354,20.04608708686144,19.767713551659373,20.000864257080558,19.820126335379417,1.0000000000006826,0.9194606378319825,0.9265021984658363,0.9317321282197315,0.9134678417571295,0.9292794973423386,0.9143929147157006,0.9272696081971157,0.9573193809438084,0.8552874374998974
0.155,18.329999999987493,19.935523492080673,19.783813650044245,19.67181675152109,20.066322743648197,19.724896695946537,20.04602105807982,19.767645759593318,20.000792152865156,19.82005212437017,1.0000000000006826,0.919464192012893,0.9265149947446562,0.9317898916775271,0.9134708054968461,0.9292824333912387,0.914395926597705,0.9272727882178069,0.9573211065429775,0.8552938423127973
0.1575,18.329999999987493,19.93544641295408,19.783540471642922,19.67059654224281,20.066257622171506,19.72483438763274,20.045955012992454,19.767577981165445,20.00072003085503,19.819977928428685,1.0000000000006826,0.9194677470622951,0.926527788404387,0.931847692602313,0.9134737700041742,0.9292853688795845,0.9143989392433395,0.9272759676205569,0.957322832577345,0.855300245897189
0.16,18.329999999987493,19.935369315586644,19.783267356690335,19.669375692865955,20.066192484248973,19.724772091607264,20.045888951593323,19.767510216371566,20.000647891043666,19.819903747550327,1.0000000000006826,0.9194713029805036,0.9265405794458486,0.9319055310254842,0.9134767352794109,0.9292883038075391,0.9144019526528937,0.9272791464055493,0.9573245590470739,0.8553066482534308
0.1625,18.329999999987493,19.935292199971975,19.782994305164056,19.668154202994035,20.066127329874394,19.724709807866414,20.045822873876386,19.767442465207502,20.00057573342454,19.81982958173046,1.0000000000006826,0.9194748597678328,0.9265533678698593,0.9319634069784581,0.9134797013228532,0.9292912381752664,0.9144049668266583,0.9272823245729674,0.9573262859523273,0.8553130493818795
0.165,18.329999999987493,19.935207215058888,19.78261530337337,19.666940803128888,20.066004072650635,19.7246513325791,20.045707643605347,19.76738702233084,20.000470995383917,19.819778438700176,1.0000000000006826,0.9194787795410361,0.9265711190812235,0.9320209067331822,0.9134853124535763,0.929293993132565,0.914410223170512,0.9272849253820421,0.9573287926020001,0.8553174634935469
0.1675,18.329999999987493,19.935122271032935,19.782236475301698,19.66572732301707,20.0658808781572,19.72459284621223,20.045592470413602,19.767331568708254,20.000366309838427,19.81972728550401,1.0000000000006826,0.9194826974617917,0.9265888628358666,0.9320784173868965,0.913490920797462,0.9292967486281962,0.9144154769710232,0.9272875267097987,0.9573312980150054,0.8553218785168037
0.17,18.329999999987493,19.93503736786445,19.781857820827724,19.66451376271606,20.06575774634605,19.72453434876272,20.045477354258697,19.767276104336684,20.000261676748387,19.81967612213896,1.0000000000006826,0.9194866135314204,0.926606599138575,0.932135938939599,0.9134965263565924,0.9292995046623143,0.9144207282300393,0.9272901285563891,0.9573338021922635,0.8553262944519298
0.1725,18.329999999987493,19.9349525055238,19.781479339830252,19.66330012228343,20.065634677169196,19.724475840227505,20.04536229509822,19.76722062921306,20.000157096074155,19.819624948602023,1.0000000000006826,0.919490527751241,0.9266243279941314,0.9321934713912815,0.9135021291330491,0.9293022612350738,0.9144259769494074,0.9272927309219661,0.9573363051346938,0.8553307112992053
0.175,18.329999999987493,19.934867683981373,19.781101032188193,19.662086401776858,20.0655116705787,19.724417320603504,20.045247292889794,19.767165143334314,20.00005256777613,19.8195737648902,1.0000000000006826,0.9194944401225716,0.9266420494073141,0.9322510147419313,0.9135077291289107,0.9293050183466287,0.9144312231309712,0.9272953338066819,0.9573388068432149,0.8553351290589102
0.1775,18.329999999987493,19.93483781329754,19.780814908133554,19.660661282501277,20.06548000932001,19.724388056632243,20.04521640239998,19.767137396360834,20.000021469861085,19.819548169217764,1.0000000000006826,0.9194958179079324,0.9266554530300468,0.9323185897269074,0.913509170549924,0.9293063971045031,0.9144326323064979,0.9272966354437638,0.9573395511231487,0.855337338281011
0.18,18.329999999987493,19.93480794264352,19.780528691514686,19.659234936465598,20.065448348077318,19.72435878988763,20.04518551191624,19.767109646697424,19.999990371976132,19.81952257100048,1.0000000000006826,0.919497195696047,0.9266688613769498,0.932386232691079,0.9135106119747577,0.9293077759971343,0.9144340414860908,0.9272979372106874,0.9573402954040984,0.8553395477313241
0.1825,18.329999999987493,19.93477807201932,19.78024238228876,19.65780736228856,20.065416686850636,19.72432952036928,20.045154621438584,19.7670818943437,19.999959274121274,19.81949697023797,1.0000000000006826,0.9194985734869152,0.9266822744504231,0.9324539437274262,0.9135120534034114,0.9293091550245418,0.9144354506697494,0.9272992391074723,0.9573410396860635,0.8553417574098848
0.185,18.329999999987493,19.93474820142493,19.779955980412897,19.656378558587498,20.065385025639966,19.72430024807681,20.045123730967006,19.767054139299272,19.999928176296518,19.819471366929857,1.0000000000006826,0.9194999512805373,0.9266956922528687,0.932521722929068,0.9135134948358851,0.9293105341867447,0.9144368598574739,0.9273005411341372,0.9573417839690441,0.855343967316728
0.1875,18.329999999987493,19.934718330860363,19.779669485844213,19.654948523978348,20.0653533644453,19.72427097300983,20.045092840501503,19.767026381563767,19.999897078501856,19.81944576107577,1.0000000000006826,0.919501329076913,0.9267091147866903,0.9325895703892607,0.913514936272179,0.9293119134837626,0.9144382690492645,0.9273018432907012,0.9573425282530404,0.8553461774518883
0.19,18.329999999987493,19.93449809577637,19.779263156199413,19.653008353251057,20.06514474507612,19.724072524155876,20.04488554442147,19.76682603593944,19.99967995701805,19.819244600133135,1.0000000000006826,0.9195114876698941,0.9267281523707739,0.9326816368532099,0.9135244341807247,0.9293212635246313,0.9144477257991267,0.9273112419097003,0.9573477248128491,0.8553635406884806
0.1925,18.329999999987493,19.934277783346676,19.778856560983275,19.651066103676463,20.064936047111452,19.723874058650722,20.044678171745332,19.766625672954028,19.99946275594914,19.819043420388173,1.0000000000006826,0.9195216500551172,0.9267472031805237,0.9327738201730793,0.9135339358651378,0.9293306145382033,0.9144571862389732,0.9273206415336883,0.9573529233621082,0.8553809060767793
0.195,18.329999999987493,19.934057393531678,19.778449699943064,19.649121772407,20.064727270507387,19.72367557649301,20.044470722430827,19.766425292605856,19.99924547525244,19.818842221838647,1.0000000000006826,0.9195318162346533,0.9267662672293657,0.9328661205479716,0.9135434413276469,0.9293399665245957,0.9144666503709553,0.9273300421627989,0.9573581239019348,0.8553982736171474
0.1975,18.329999999987493,19.933836926291747,19.778042572825722,19.647175356592033,20.064518415219982,19.723477077681384,20.044263196435654,19.766224894893256,19.999028114885235,19.818641004482323,1.0000000000006826,0.9195419862105741,0.9267853445307437,0.932958538177342,0.9135529505704829,0.9293493194839256,0.9144761181972262,0.9273394437971657,0.9573633264334466,0.8554156433099482
0.2,18.329999999987493,19.933616381587232,19.77763517937788,19.645226853377874,20.06430948120525,19.723278562214475,20.044055593717488,19.766024479814565,19.99881067480477,19.818439768316967,1.0000000000006826,0.919552159984954,0.926804435098119,0.9330510732609977,0.913562463595878,0.9293586734163105,0.9144855897199402,0.9273488464369223,0.9573685309577626,0.8554330151555442
0.2025,18.329999999987493,19.933162718661983,19.776891883045085,19.64343451700804,20.063861720723743,19.722928068552235,20.043613729394078,19.76565216078817,19.998354587131274,19.81804263873921,1.0000000000006826,0.9195730882605471,0.9268392681923129,0.9331362081375935,0.9135828513544402,0.929375188931849,0.9145057496851952,0.927366314599208,0.9573794478933169,0.8554672991826868
0.205,18.329999999987493,19.932708845536247,19.776148854705397,19.641641072878556,20.063413736304152,19.72257781982954,20.04317164761896,19.76528010691803,19.997898278705275,19.817645793246704,1.0000000000006826,0.9195940271863672,0.926874091344569,0.9332214111839318,0.9136032502201961,0.929391693492044,0.9145259204611724,0.9273837709785014,0.9573903704865525,0.8555015607437534
0.2075,18.329999999987493,19.932254762071373,19.77540609421527,19.639846520282482,20.06296552778199,19.722227815783736,20.042729348232907,19.76490831791393,19.99744174937369,19.817249231530575,1.0000000000006826,0.9196149767702013,0.9269089045590786,0.9333066824666997,0.9136236602020631,0.9294081871080744,0.9145461020565091,0.9274012155870514,0.9574012987416979,0.8555357998611569
0.21,18.329999999987493,19.931800468128614,19.774663601431268,19.63805085851333,20.06251709499263,19.72187805615254,20.042286831076538,19.7645367934861,19.996984998983297,19.816852953282396,1.0000000000006826,0.9196359370198429,0.9269437078400312,0.9333920220526227,0.9136440813089679,0.9294246697911043,0.9145662944798518,0.9274186484370892,0.9574122326629856,0.8555700165572814
0.2125,18.329999999987493,19.931345963569093,19.773921376210048,19.636254086865073,20.06206843777127,19.721528540674072,20.041844095990317,19.76416553334519,19.99652802738075,19.8164569581942,1.0000000000006826,0.9196569079430932,0.9269785011916137,0.9334774300084637,0.9136645135498459,0.9294411415522811,0.9145864977398562,0.9274360695408299,0.957423172254652,0.8556042108544801
0.215,18.329999999987493,19.93098651355332,19.772953633929628,19.634053535532686,20.061645910079225,19.72123690450275,20.041438117766614,19.763878514096593,19.996133472959947,19.81617808580395,1.0000000000006826,0.9196734937096752,0.9270238700477417,0.9335820525714328,0.9136837566647898,0.9294548860581306,0.9146050244643158,0.9274495381524495,0.9574326179227932,0.8556282928009874
0.2175,18.329999999987493,19.930627282909697,19.77198614036479,19.631850389450943,20.061223653213464,19.72094513301933,20.041032391795806,19.763591358416196,19.995739169152124,19.81589907660462,1.0000000000006826,0.919690069951676,0.9270692316832575,0.9336868219946052,0.9137029882553476,0.9294686373478911,0.9146235404271763,0.9274630135577201,0.9574420578705415,0.8556523875790876
0.22,18.329999999987493,19.930268271434738,19.771018895433308,19.62964464475524,20.0608016669119,19.72065322613477,20.040626917842204,19.763304066211035,19.995345115715565,19.815619930252453,1.0000000000006826,0.9197066366774231,0.9271145860992449,0.9337917385528178,0.9137222083319497,0.929482395426344,0.9146420456378422,0.9274764957615802,0.957451492103165,0.8556764952200228
0.2225,18.329999999987493,19.92990947892523,19.77005189905301,19.627436297576814,20.060379950912775,19.720361183759934,20.0402216956704,19.763016637388063,19.994951312408872,19.815340646631213,1.0000000000006826,0.9197231938952335,0.9271599332967867,0.9338968025214279,0.9137414169050154,0.9294961602982749,0.9146605401057073,0.9274899847689723,0.957460920625926,0.8557006157353917
0.225,18.329999999987493,19.92955090517821,19.769085151141756,19.625225344042786,20.059958504954675,19.72006900580564,20.03981672504529,19.762729071854164,19.994557758990954,19.815061225642435,1.0000000000006826,0.9197397416134149,0.927205273276966,0.9340020141763139,0.9137606139849499,0.9295099319684735,0.9146790238401532,0.9275034805848431,0.9574703434440798,0.8557247491352592
0.2275,18.329999999987493,19.92882781005958,19.76790655329661,19.622699864094372,20.059183705164436,19.719494660621866,20.039061998859378,19.762141028748236,19.993800888867526,19.81446038552285,1.0000000000006826,0.9197731133362229,0.927260554909047,0.9341222220669156,0.9137959086181937,0.9295370046476613,0.9147134731677233,0.9275310794177168,0.9574884659072106,0.8557766467439774
0.23,18.329999999987493,19.928104818947308,19.76672866015634,19.62017581867497,20.058409013179897,19.718920392203046,20.038307369617055,19.761553064290233,19.99304413084479,19.813859617952865,1.0000000000006826,0.9198064826802871,0.9273158100737053,0.9342423925963524,0.913831201066635,0.9295640752851646,0.9147479206648332,0.9275586762015637,0.9575065867150536,0.8558285428067008
0.2325,18.329999999987493,19.927381931825423,19.765551471092678,19.61765320689918,20.057634428982485,19.718346200539635,20.037552837300964,19.76096517846726,19.992287484905304,19.813258922923023,1.0000000000006826,0.9198398496455629,0.927371038789776,0.9343625257660109,0.9138664913302977,0.9295911438809387,0.9147823663315681,0.927586270936476,0.9575247058676666,0.8558804373231089
0.235,18.329999999987493,19.926659148677956,19.764374985478096,19.61513202788251,20.056859952553623,19.7177720856221,20.036798401893773,19.760377371266426,19.991530951031642,19.81265830042388,1.0000000000006826,0.9198732142320061,0.9274262410760775,0.9344826215772742,0.913901779409206,0.9296182104349385,0.914816810168013,0.9276138636225472,0.9575428233651071,0.8559323302928803
0.2375,18.329999999987493,19.925936469488956,19.763199202685794,19.612612280741338,20.05608558387474,19.717198047440895,20.036044063378142,19.759789642674853,19.990774529206373,19.81205774544599,1.0000000000006826,0.9199065764395722,0.9274814169514103,0.9346026800315224,0.9139370653033847,0.9296452749471196,0.9148512521742531,0.927641454259869,0.9575609392074327,0.8559842221477455
0.24,18.329999999987493,19.92503171798326,19.761879053694738,19.609689954862787,20.055200625710235,19.716463845671893,20.035169431449816,19.75902593723065,19.989868877823014,19.811262445838466,1.0000000000006826,0.9199483473572757,0.9275433753134408,0.9347419588066741,0.9139773937988648,0.9296798930820324,0.9148911898507253,0.9276773084983899,0.9575826303593944,0.8560529484676367
0.2425,18.329999999987493,19.92412602019671,19.760558380437207,19.60676933843038,20.054314670206427,19.7157301746882,20.03429383047944,19.75826279301722,19.988962237212252,19.81046772545236,1.0000000000006826,0.9199901657628158,0.9276053665642644,0.9348811975908833,0.914017771309426,0.9297144887655618,0.914931175268749,0.9277131391570528,0.9576043466807872,0.856121633002009
0.245,18.329999999987493,19.92321937470848,19.759237182706133,19.603850430511347,20.05342771570674,19.714997033897856,20.03341725886707,19.7575002093931,19.988054605814614,19.809673583643512,1.0000000000006826,0.9200320317342391,0.9276673907251317,0.9350203963743404,0.9140581979230976,0.9297490620203241,0.9149712085134597,0.9277489462601936,0.957626088213972,0.8561902757897975
0.2475,18.329999999987493,19.922311780095104,19.75791546029458,19.600933230173997,20.05253976055101,19.71426442270978,20.032539715009356,19.756738185717825,19.987145982067545,19.808880019768775,1.0000000000006826,0.9200739453497551,0.9277294478173007,0.9351595551472263,0.9140986737281166,0.9297836128689043,0.9150112896701895,0.9277847298321129,0.9576478550014,0.8562588768698838
0.25,18.329999999987493,19.92140323493043,19.756593212995753,19.598017736487687,20.051650803075226,19.71353234053378,20.031661197299567,19.75597672135193,19.986236364405404,19.808087033186005,1.0000000000006826,0.9201159066877357,0.9277915378620365,0.9352986738997137,0.9141391988129384,0.929818141333857,0.9150514188244676,0.9278204898970772,0.9576696470856128,0.856327436281098
0.2525,18.329999999987493,19.92031686877968,19.75482298578012,19.59462604029882,20.050531911487628,19.712646426416804,20.030564524925552,19.755070853053805,19.985121366984757,19.80716276097265,1.0000000000006826,0.9201660857477564,0.9278746771456402,0.9354605677241324,0.9141902110585967,0.9298599286717826,0.9151015178424248,0.9278630350832932,0.9576963615666921,0.8564073566746505
0.255,18.329999999987493,19.919230021967945,19.753053264955057,19.591230923087867,20.049412471459068,19.71176064847901,20.029467316400353,19.754165123010644,19.984005852351387,19.806238610453057,1.0000000000006826,0.9202162924864435,0.9279578075415932,0.9356226809821567,0.9142412540064854,0.929901713341592,0.9151516468434081,0.927905577677302,0.9577230906770966,0.8564872777322082
0.2575,18.329999999987493,19.918142694238185,19.75128405041957,19.58783238183384,20.048292482619274,19.710875006714563,20.028369571342775,19.753259531205376,19.982889820209827,19.805314581618624,1.0000000000006826,0.9202665269238384,0.9280409290458573,0.9357850140171518,0.9142923276828222,0.9299434953423346,0.9152018058537899,0.927948117678656,0.9577498344273322,0.8565671994521841
0.26,18.329999999987493,19.917054885333314,19.74951534207276,19.584430413525194,20.047171944597714,19.709989501117626,20.02727128937129,19.752354077620243,19.98177327026453,19.804390674460823,1.0000000000006826,0.9203167890799959,0.9281240416543926,0.9359475671726011,0.9143434321138522,0.92998527467306,0.9152519948999719,0.9279906550869401,0.9577765928279116,0.8566471218329836
0.2625,18.329999999987493,19.91596659499617,19.747747139813807,19.581025015159963,20.046050857023594,19.70910413168237,20.02617247010403,19.751448762236052,19.980656202219862,19.803466888971215,1.0000000000006826,0.9203670789749849,0.928207145363156,0.9361103407920986,0.9143945673258463,0.9300270513328174,0.9153022140083859,0.928033189901806,0.957803365889354,0.8567270448730057
0.265,18.329999999987493,19.914293332419522,19.74549810844729,19.57740055154608,20.044334122363487,19.707719599838917,20.024488755611507,19.750040448033104,19.978942092185843,19.80203904854833,1.0000000000006826,0.9204444111586743,0.9283128690563787,0.9362836476547666,0.9144728823667532,0.9300923887789546,0.9153791751543892,0.9280993650737296,0.9578444527782279,0.8568505991802581
0.2675,18.329999999987493,19.91261876003296,19.74324926068098,19.573775402480333,20.042615906341194,19.706334925784354,20.022803595861586,19.7486319762179,19.97722657634606,19.800610992568373,1.0000000000006826,0.9205218168888231,0.9284186082026789,0.9364570514933607,0.9145512784187345,0.9301577421185755,0.9154562153218413,0.9281655570914344,0.95788557865847,0.8569741988760231
0.27,18.329999999987493,19.910942876540922,19.741000596810814,19.5701495696774,20.040896207166995,19.704950109659062,20.021116989039754,19.747223346881256,19.975509653221764,19.79918272107929,1.0000000000006826,0.9205992962591647,0.9285243627904677,0.936630552297928,0.914629755601691,0.9302231113498187,0.9155333346303542,0.928231765955841,0.9579267435796969,0.8570978439759729
0.2725,18.329999999987493,19.90926568064694,19.73875211713321,19.56652305486031,20.039175023048728,19.703565151603716,20.01942893332866,19.745814560114162,19.973791321333042,19.797754234154414,1.0000000000006826,0.9206768493635562,0.9286301328081215,0.936804150058068,0.9147083140357395,0.9302884964708066,0.9156105331997724,0.9282979916678619,0.957967947591588,0.8572215344935895
0.275,18.329999999987493,19.907587171053652,19.736503821945043,19.562895859759305,20.037452352191792,19.702180051759267,20.017739426908086,19.74440561600779,19.972071579198776,19.796325531899928,1.0000000000006826,0.9207544762959763,0.9287359182439826,0.9369778447629853,0.9147869538412141,0.9303538974796476,0.915687811150174,0.9283642342284005,0.9580091907438866,0.8573452704395168
0.2775,18.329999999987493,19.905631664322986,19.73398682858907,19.55849472235561,20.035262194271688,19.700650298900495,20.01561941467847,19.742849080741063,19.969978770804563,19.794746560659508,1.0000000000006826,0.9208449301738563,0.9288543749023344,0.9371886875858895,0.9148869539247039,0.9304261393352591,0.9157847988735079,0.9284374268899579,0.9580593880218574,0.8574820519347832
0.28,18.329999999987493,19.90367957180556,19.73146615025891,19.554083742660332,20.03307601537874,19.699120404241736,20.013503115959853,19.741292385741676,19.967889761145198,19.793167359723377,1.0000000000006826,0.9209352438513557,0.9289730352733813,0.9374000971474928,0.9149867941362902,0.9304983991088798,0.9158816372023679,0.9285106386063664,0.9581095020548569,0.857618886070979
0.2825,18.329999999987493,19.901730884431625,19.728941779763513,19.549662893738464,20.030893804601995,19.69759036797888,20.011390520973453,19.73973553113959,19.96580453975359,19.791587929182143,1.0000000000006826,0.9210254176604745,0.9290918998403431,0.9376120754425333,0.9150864748625837,0.9305706767969913,0.9159783264830483,0.9285838693777978,0.9581595330532,0.8577557728649935
0.285,18.329999999987493,19.899785593163642,19.726413709901387,19.545232148615156,20.028715551070412,19.69606019030819,20.00928161997487,19.738178517065005,19.96372309620115,19.790008269107588,1.0000000000006826,0.9211154519321594,0.9292109690875805,0.9378246244723547,0.9151859964889448,0.9306429723960539,0.9160748670607707,0.928657119204412,0.9582094812264911,0.8578927123353549
0.2875,18.329999999987493,19.897843688996165,19.723881933548405,19.540791480276393,20.026541243952693,19.694529871426347,20.00717640325397,19.736621343648363,19.961645420097593,19.78842837957176,1.0000000000006826,0.9212053469963077,0.9293302434964616,0.9380377462448996,0.9152853593994925,0.9307152859025053,0.9161712592796857,0.928730388086356,0.9582593467836272,0.8580297045005785
0.29,18.329999999987493,19.895464958569818,19.72067927128612,19.53571520602145,20.023920216003358,19.692624912128537,20.004632623434578,19.734686056184493,19.959121085924913,19.78646868941772,1.0000000000006826,0.9213154876335019,0.9294811678565764,0.9382814914475303,0.9154051655354901,0.9308053183255776,0.9162877591926973,0.9288214642895579,0.9583199428971776,0.8581996747624087
0.2925,18.329999999987493,19.893089831478353,19.717476990150626,19.530624143023374,20.02130328468711,19.6907194574442,20.00209265940119,19.732750234911762,19.95660072235426,19.78450834849424,1.0000000000006826,0.9214254877085533,0.9296321232760306,0.9385260740142679,0.9155248157106403,0.9308953915886617,0.9164041139157865,0.92891258348621,0.9583804551670941,0.8583697520027966
0.295,18.329999999987493,19.890718299472596,19.714275091017946,19.525518236818566,20.018690440377785,19.688813507651844,19.999556502561067,19.730813879958983,19.954084319978474,19.782547355369516,1.0000000000006826,0.9215353474935102,0.9297831097198884,0.9387714977744243,0.9156443102306189,0.9309855056972453,0.9165203237208152,0.9290037456902972,0.9584408837687446,0.8585399364164003
0.2975,18.329999999987493,19.888350354328445,19.711073574766004,19.520397432795868,20.016081673479274,19.686907063031374,19.997024144347396,19.72887699145586,19.951571869419904,19.780585716481077,1.0000000000006826,0.9216450672597242,0.9299341271530717,0.9390177665749827,0.9157636494003079,0.9310756606567514,0.9166363888789615,0.9290949509157729,0.9585012288770118,0.8587102275148499
0.3,18.329999999987493,19.885985987846773,19.70787244227463,19.515261676198055,20.01347697442542,19.685000123864107,19.994495576219173,19.72693956953298,19.94906336133027,19.77862342200262,1.0000000000006826,0.9217546472778515,0.930085175540359,0.9392648842806107,0.9158828335237961,0.9311658564725411,0.9167523096607213,0.9291861991765583,0.9585614906662947,0.8588806262216816
0.3025,18.329999999987493,19.882674708938,19.70364106287885,19.50892966370926,20.009948468677354,19.682290478590474,19.99105332134796,19.724185151715982,19.94560827892449,19.775831681704474,1.0000000000006826,0.9219081571434646,0.9302849123928291,0.939569741445,0.9160443380797774,0.931294049335293,0.9169101650299657,0.9293159569841755,0.9586445105842845,0.8591231384901906
0.305,18.329999999987493,19.87936459980122,19.69940469461397,19.502590630782365,20.00642106148591,19.679580014977553,19.98761199374166,19.72142984270344,19.94215444053551,19.77303881762651,1.0000000000006826,0.9220616638915757,0.9304849706961765,0.9398751348996898,0.9162058492953963,0.9314223162308125,0.9170680322261273,0.9294457930382649,0.9587275221734738,0.8593658511686098
0.3075,18.329999999987493,19.87605566002174,19.69516334225651,19.496244578988115,20.0028947528258,19.676868733976796,19.984171593200408,19.718673643031327,19.938701846417107,19.77024482967868,1.0000000000006826,0.9222151675127657,0.930685350584145,0.940181065421952,0.9163673671487239,0.9315506571606536,0.9172259112425137,0.9295757073639642,0.9588105254137965,0.8596087644470064
0.31,18.329999999987493,19.87274789043775,19.690916995601594,19.489891510036987,19.99936954267264,19.674156636544847,19.98073211952684,19.71591655323891,19.935250496824143,19.767449717813356,1.0000000000006826,0.9223686679394711,0.9308860528991321,0.9404875337843897,0.9165288916177731,0.9316790721261176,0.9173838020723172,0.9297056999862768,0.9588935202851472,0.8598518785120061
0.3125,18.329999999987493,19.86944129197297,19.686665649463265,19.48353142578079,19.995845431002923,19.67144372364358,19.977293572524406,19.71315857386879,19.931800392012615,19.76465348202523,1.0000000000006826,0.9225221651000884,0.9310870782477961,0.9407945407548437,0.9166904226804994,0.9318075611282529,0.9175417047086902,0.9298357709300697,0.9589765067673811,0.8600951935467867
0.315,18.329999999987493,19.865358270555884,19.68190773898308,19.476844155011626,19.991592945194007,19.66820404996163,19.973130021510908,19.709830259377416,19.92758824507322,19.761234833728064,1.0000000000006826,0.9227117754613283,0.9313121595268219,0.9411175575527451,0.9168854152968607,0.9319610450165003,0.9177329732625148,0.9299927883082135,0.9590778521102996,0.8603928082790224
0.3175,18.329999999987496,19.86127097658259,19.677153351216266,19.470170746227268,19.98733539159784,19.6649685106408,19.968961449707326,19.706506222054035,19.923371461367232,19.757820364339185,1.0000000000006823,0.9229016623161714,0.9315371828856028,0.9414401259707392,0.9170807234117591,0.9321143835079907,0.9179245523691797,0.9301496568420864,0.9591793412056552,0.8606902134280077
0.32,18.329999999987493,19.857179404985672,19.672402484725758,19.463511155393213,19.983072762747657,19.661737098319822,19.96478784861953,19.703186453665523,19.919150036310576,19.754410064492856,1.0000000000006826,0.9230918261934908,0.9317621482293261,0.9417622469890732,0.9172763477181894,0.9322675767832526,0.9181164427583655,0.9303063767429324,0.959280974287151,0.8609874093506338
0.3225,18.329999999987493,19.85308355213016,19.667655138078707,19.456865355179882,19.97880505117296,19.658509805654173,19.960609209739197,19.69987094599979,19.91492396533479,19.751003927541614,1.0000000000006826,0.9232822675565311,0.9319870554630144,0.9420839207853242,0.9174722889106847,0.9324206250225505,0.9183086451618128,0.9304629482215998,0.9593827515884973,0.8612843961684119
0.325,18.329999999987493,19.848983414233988,19.662911309846496,19.45023330337672,19.974532249399573,19.65528662531602,19.95642552454382,19.696559690865733,19.910693243887252,19.747601946179806,1.0000000000006826,0.9234729868762598,0.9322119044915278,0.9424051482620398,0.9176685476853154,0.9325735284058871,0.9185011603133273,0.9306193714885411,0.9594846733434057,0.861581174061489
0.3275,18.329999999987496,19.843856721879945,19.657200118658004,19.44201837189274,19.9693756766606,19.651262146633282,19.951349718959342,19.69242276971824,19.905492960734723,19.743348233773602,1.0000000000006823,0.9237115676102037,0.932482748781793,0.9428033473365923,0.9179055117593569,0.9327645147281471,0.9187348353971959,0.9308148730275438,0.9596099971963055,0.8619524700837999
0.33,18.329999999987493,19.83870888559684,19.65149908876397,19.433777991963993,19.964195964161704,19.64724455159141,19.94625140508049,19.688292976535813,19.900270249642734,19.739101529938488,1.0000000000006826,0.9239512563898661,0.9327532681962388,0.9432031181780295,0.9181436624297169,0.9329552524206398,0.9189696664171788,0.9310101196607241,0.9597359109886651,0.862323393817415
0.3325,18.329999999987496,19.83353978457219,19.645808195722296,19.42551208464464,19.958992960890704,19.643233823404533,19.941130434784267,19.68417029273205,19.895024980736416,19.734861817857997,1.0000000000006823,0.9241920604741602,0.9330234631930896,0.9436044681925986,0.9183830083971328,0.9331457419276944,0.9192056618829446,0.9312051118948079,0.9598624185244914,0.8626939457533749
0.335,18.329999999987496,19.828536515948258,19.640127415168894,19.417220571276243,19.9537665145925,19.63922994533919,19.93598665867513,19.68005469978507,19.889757016054503,19.730629080769184,1.0000000000006823,0.9244252587807996,0.9332933342297449,0.9440074048041377,0.9186235584442158,0.9333359836926858,0.9194428303865119,0.9313998502351818,0.9599895238115315,0.8630641263819641
0.3375,18.329999999987493,19.823933540770064,19.63445672281738,19.40890337351037,19.94851647175763,19.635232900714392,19.93081992607187,19.67594617923724,19.88446621847548,19.726403301962456,1.0000000000006826,0.9246399036953172,0.9335628817627809,0.944411935453145,0.918865321436355,0.9335259781580231,0.9196811806032222,0.9315943351858968,0.9601172308462363,0.8634339361927087
0.34,18.329999999987496,19.818630434162593,19.627553203888006,19.399018352780498,19.94217162679924,19.6303552898555,19.92462042220185,19.67099462296746,19.878235374133517,19.721387855575863,1.0000000000006823,0.9248873205891893,0.933891240012995,0.9448931727709163,0.919157669637507,0.9337579340437363,0.9199673374743451,0.9318288348570978,0.9602676937063508,0.8638731605823541
0.3425,18.329999999987493,19.81332090389577,19.620613158968805,19.389141809674257,19.93582506287251,19.625473252264516,19.91841886522223,19.6660383175461,19.87200353601205,19.71636683650836,1.0000000000006826,0.9251351698642244,0.9342215684845278,0.9453744874285362,0.9194502832058296,0.9339902158988684,0.9202537673311197,0.9320636776979082,0.9604182513418952,0.8643132087869184
0.345,18.329999999987496,19.80800494400721,19.61363632422324,19.379273770387716,19.929476783252532,19.6205867908693,19.912215255623877,19.6610772628287,19.86577071141978,19.711340240531992,1.0000000000006823,0.9253834523878,0.934553883685611,0.9458558776340191,0.9197431623194128,0.9342228239845562,0.9205404704945118,0.9322988641448838,0.9605689036655538,0.8647540826389893
0.3475,18.329999999987493,19.802682548575838,19.606622433764397,19.36941425765045,19.923126791243345,19.615695908673295,19.9060095939145,19.656111458717746,19.8595369077287,19.706308063455687,1.0000000000006826,0.9256321690274356,0.9348882022858801,0.9463373417582874,0.9200363071551821,0.9344557585588994,0.9208274472852508,0.9325343946332989,0.9607196505882674,0.8651957839730164
0.35,18.329999999987496,19.797353711722522,19.59957121964715,19.35956329971836,19.916775090178124,19.61080060875612,19.899801880618835,19.651140905163036,19.853302132381543,19.701270301125938,1.0000000000006823,0.9258813206507664,0.9352245411177926,0.9468188778962108,0.9203297178888847,0.934689019876922,0.9211146980238168,0.9327702695971243,0.9608704920190474,0.8656383146252581
0.3525,18.329999999987493,19.791950819557975,19.59239885936914,19.348995083063127,19.91020875941338,19.605777905363915,19.893414564196917,19.6460538441176,19.846972819616386,19.696130397643703,1.0000000000006826,0.9261340717301446,0.9355669069198509,0.9473360203623655,0.9206332400374121,0.934928473049015,0.9214104467007558,0.9330117969461004,0.961023693344387,0.8660901676382436
0.355,18.329999999987493,19.78653735663896,19.58520362894644,19.33836709777817,19.90366499362305,19.600747351767595,19.887048242827497,19.640958477241245,19.840665496244988,19.690981217393407,1.0000000000006826,0.926387455754089,0.9359106163649339,0.9478566575616396,0.9209359183784878,0.9351684234809038,0.9217054122957103,0.9332538440646722,0.9611764353364426,0.8665431910234639
0.3575,18.329999999987493,19.781113299216635,19.57798544240588,19.328040968698915,19.897143676796027,19.595708941286127,19.880702811418015,19.63585479320432,19.834380043171425,19.68582274184102,1.0000000000006826,0.9266414747609732,0.9362556762503897,0.9483630560223251,0.9212377564211078,0.9354088721628535,0.9219995979957307,0.9334964122032388,0.9613287201775839,0.8669973887057032
0.36,18.329999999987493,19.775678623543698,19.570744213689707,19.318992390152758,19.890644693711128,19.590662667343135,19.874378174703182,19.63074278072931,19.828319878679046,19.680654952466263,1.0000000000006826,0.9268961307945934,0.9366020934031825,0.9488072478015539,0.9215387576550217,0.935649820082676,0.9222930065470466,0.9337395026129021,0.9614756152534403,0.8674527646216564
0.3625,18.329999999987493,19.770233305875454,19.5634798566605,19.309931433949682,19.88416792993038,19.585608523468387,19.868074220830316,19.62562242859179,19.822732305401065,19.675477830763764,1.0000000000006826,0.9271514259041429,0.9369498746798589,0.949252464344497,0.9218389255508657,0.9358912682256538,0.9225856414801517,0.9339831165454276,0.9616111146599474,0.8679093227198864
0.365,18.329999999987493,19.763031987317888,19.553915334187376,19.29841374654321,19.875823016167026,19.578913380993797,19.859896745316863,19.618842053359593,19.815346813004087,19.66862479174637,1.0000000000006826,0.9274892643883047,0.9374081705239091,0.9498189975993921,0.9222259619181732,0.9362113026044552,0.9229655236914751,0.9343059060338943,0.9617903017822386,0.8685142305564922
0.3675,18.329999999987493,19.75581079539188,19.54433204868402,19.286930867700462,19.86745711403094,19.572203450181007,19.851698415548363,19.61204601923743,19.807940054509682,19.661754304865973,1.0000000000006826,0.9278282825160254,0.9378678153001507,0.9503844922624252,0.9226142980852267,0.9365322635571972,0.9233466888477145,0.9346296649528627,0.9619701055035954,0.8691213135350196
0.37,18.32999999998749,19.748569666039568,19.53472998917577,19.275482674031043,19.859070158148974,19.56547871127973,19.843479156389254,19.605234295014444,19.80051195714703,19.654866314981955,1.0000000000006826,0.9281684856154926,0.9383288128454649,0.9509489495012832,0.9230039399643525,0.9368541537106648,0.9237291432383752,0.9349543965746571,0.9621505285548262,0.869730582272347
0.3725,18.32999999998749,19.741308535177303,19.525109145388285,19.264069043023284,19.85066208307071,19.558739144885816,19.83523889312703,19.598406849162277,19.79306244808862,19.647960781982057,1.0000000000006826,0.9285098790355019,0.9387911669794399,0.9515123704687112,0.9233948934948836,0.9371769756841866,0.9241128931576117,0.9352801041980363,0.9623315736763586,0.8703420461020032
0.375,18.32999999998749,19.734027338700805,19.515469507761793,19.252689852421767,19.842232823272262,19.551984731950313,19.827292622800616,19.591563650233944,19.78559145445299,19.641037649716065,1.0000000000006826,0.9288524681453473,0.9392548815036041,0.9520747563330376,0.9237871646431538,0.9375007320891858,0.9244832539023111,0.9356067911292586,0.9625132436182305,0.8709557158226463
0.3775,18.32999999998749,19.72534210368667,19.50539185992297,19.24003074271095,19.83189595966092,19.544302306933975,19.818243837923816,19.583700206835598,19.776557271453953,19.632978277153818,1.0000000000006826,0.9292614497456103,0.9397401565493281,0.9527011804253115,0.9242686648459708,0.9378692425104805,0.9249053624481126,0.9359824653362495,0.9627330626654267,0.8716709203350863
0.38,18.32999999998749,19.716667987076313,19.49532337723302,19.227338332121,19.822464245395754,19.536630925195016,19.80920471283286,19.575847819887635,19.76753492961502,19.62492874491375,1.0000000000006826,0.9296702674110436,0.9402254912789031,0.9533300805019949,0.9247084405390005,0.9382375124034869,0.9253274054018638,0.9363579124975653,0.9629527439740739,0.8723861313048192
0.3825,18.32999999998749,19.70800498171779,19.48526408031195,19.214612610852548,19.813246943336775,19.528970581939546,19.800175235676644,19.568006466636245,19.758524421653284,19.61688904624689,1.0000000000006826,0.9300789205707986,0.9407108841045045,0.9539614652260587,0.925138623286801,0.9386055410904066,0.9257493826101282,0.9367331327927011,0.9631722873011844,0.8731013475490011
0.385,18.32999999998749,19.69935308128485,19.4752139899056,19.201853571825332,19.804040571900646,19.521321272385713,19.7911553965293,19.560176139357065,19.749525740338314,19.608859174441378,1.0000000000006826,0.9304874086151698,0.9411963334267245,0.9545953431753802,0.925568695612949,0.9389733278929783,0.9261712938302967,0.9371081256839081,0.9633916924026766,0.8738165678807538
0.3875,18.32999999998749,19.690712277964078,19.46517312802079,19.189061210749905,19.79484512024159,19.51368299176307,19.782145177973103,19.552356825355037,19.740538878491957,19.600839122825377,1.0000000000006826,0.9308957310047715,0.941681837579617,0.955231722838601,0.9259986571582881,0.9393408721325076,0.9265931391712753,0.9374828908722702,0.9636109590333771,0.8745317911088893
0.39,18.32999999998749,19.681047298347803,19.452781936883582,19.174765569012955,19.78463564900289,19.505030518220607,19.772131046158243,19.54352382057573,19.730523177145542,19.59180945558512,1.0000000000006826,0.9313528757963394,0.9422816777298716,0.9559438906320649,0.9264765005123458,0.93975756576628,0.9270624373876761,0.9379066010962613,0.9638555043756873,0.8753381026284526
0.3925,18.329999999987486,19.671382658581397,19.44038960023811,19.160432492595934,19.77442457106309,19.49638129306204,19.762114286908986,19.53469349755409,19.720507647287448,19.582780375042084,1.0000000000006828,0.9318104537000487,0.942882338107848,0.9566589901915402,0.9269549126007547,0.940174472609586,0.9275323345408615,0.9383305656827978,0.9641002318029357,0.8761454772833555
0.395,18.32999999998749,19.661718396405835,19.427996191769285,19.146062016434215,19.764211902292708,19.48773534854329,19.752094904805098,19.52586588069606,19.71049231939138,19.573751904185194,1.0000000000006826,0.9322684635413521,0.9434838168109969,0.957377030548959,0.927433893676968,0.9405915911809718,0.9280028315143857,0.9387547836289128,0.9643451407966724,0.8769539148547325
0.3975,18.329999999987486,19.65205453478747,19.415601790860467,19.13165418017092,19.753997658741444,19.479092732116232,19.742072905354764,19.51704099455334,19.700477224197797,19.564724066176154,1.0000000000006828,0.9327269048410582,0.9440861116459706,0.958098020556853,0.9279134439852836,0.9410089192592805,0.9284739291499751,0.9391792539204786,0.9645902308300403,0.8777634151007633
0.4,18.329999999987486,19.64239110192026,19.403206477666906,19.1172090281818,19.74378185664102,19.470453475685336,19.732048297557974,19.50821886374333,19.690462392715734,19.55569688435052,1.0000000000006828,0.9331857768684811,0.9446892203666355,0.9588219688856607,0.9283935637606592,0.9414264553668701,0.9289456281266306,0.9396039755360194,0.964835501367698,0.8785739777564316
0.4025,18.329999999987486,19.631002175433025,19.388923053355093,19.10049260731917,19.731914046656332,19.460026457308295,19.720381602700453,19.497626004764502,19.678740023266606,19.54492691056746,1.0000000000006828,0.9337271646242723,0.9453851536549446,0.9596611132938049,0.9289519484353373,0.941930887926213,0.9294951978763912,0.9401144526785378,0.9651228285635511,0.8795424976967245
0.405,18.329999999987486,19.619576590698713,19.37461105636365,19.083559912139304,19.720002868137527,19.449574124324148,19.708671539418546,19.487005677326977,19.6669782064927,19.534125064362463,1.0000000000006828,0.9342709265545477,0.9460835082921294,0.960512613180733,0.9295130493929382,0.9424370879707862,0.9300474648095323,0.940626810681687,0.965411380802209,0.8805154933718006
0.4075,18.329999999987486,19.608114243771176,19.36027055869623,19.066407298252688,19.70804812443348,19.439096494569995,19.696917882857182,19.47635785596051,19.65517682123566,19.52329126736627,1.0000000000006828,0.9348170748149742,0.9467842892188585,0.9613767142003636,0.9300768845431725,0.9429450594640649,0.9306024480080283,0.9411410560209192,0.9657011640505282,0.8814929897110579
0.41,18.329999999987486,19.596615031769595,19.34590163680721,19.049031066767792,19.69604961853867,19.42859358804563,19.685120407136562,19.465682516491505,19.643335747466313,19.51242544313041,1.000000000000683,0.9353656215771863,0.9474875011834876,0.9622536671682906,0.9306434719146478,0.9434548062850217,0.9311601667092024,0.9416571951417915,0.9659921842757397,0.8824750116330501
0.4125,18.329999999987486,19.585078852924866,19.33150437086032,19.031427465112422,19.684007152370107,19.41806542695626,19.67327888531918,19.454979636071645,19.631454867861496,19.501527515930274,1.000000000000683,0.9359165790268223,0.9481931487768768,0.9631437281098202,0.9312128296901644,0.9439663322255677,0.9317206403086383,0.9421752344584413,0.9662844474067425,0.8834615841538863
0.415,18.329999999987482,19.5720601053319,19.31797143554603,19.012890630266554,19.670183748615262,19.406514680247504,19.659709238640946,19.44316437554048,19.617941338846183,19.489400215593772,1.000000000000683,0.9365391226755158,0.9488573922555807,0.9640827560865752,0.9318672481282942,0.9445281804597706,0.9323637383188041,0.9427477773658675,0.9666171954963136,0.8845613960771377
0.4175,18.329999999987482,19.559051078219124,19.30465756556517,18.994399999490597,19.65636732006557,19.394977268989372,19.64614413177109,19.431361476444227,19.604437942182194,19.477281837412765,1.000000000000683,0.9371620293180897,0.9495117920504469,0.9650212694526591,0.9325222560980742,0.9450900480975473,0.933007509110011,0.9433204164422879,0.9669500376973553,0.8856624515864084
0.42,18.329999999987482,19.546051828961996,19.291333879328963,18.975955687643108,19.64255790256821,19.383453261327087,19.632583577363004,19.41957097629522,19.590944737646286,19.46517242701729,1.000000000000683,0.9377852959972135,0.9501675785955346,0.9659592540014338,0.9331778524427007,0.9456519306893119,0.9336519530284886,0.9438931489462244,0.9672829723520716,0.8867647470978257
0.4225,18.32999999998748,19.533062415432862,19.278000467928152,18.957557804438537,19.628755532366757,19.371942725648562,19.619027599938608,19.407792912733488,19.577461790521596,19.453072030389606,1.0000000000006832,0.9384089197154084,0.9508247512751496,0.9668966957182847,0.9338340359772082,0.946213823755063,0.9342970698536233,0.9444659721185328,0.9676159976598327,0.8878682789609612
0.425,18.32999999998748,19.520082895967903,19.264657431120344,18.93920646010301,19.614960246105145,19.360445730581112,19.605476212752336,19.396027323537098,19.56398916661504,19.440980693865736,1.0000000000006832,0.939032897436428,0.9514833090356184,0.9678335804941802,0.9344908054881075,0.9467757227844473,0.9349428598973433,0.9450388831818425,0.9679491117997164,0.8889730434582394
0.4275,18.32999999998748,19.505349435653407,19.247764503489297,18.918452878011102,19.599751516484744,19.346763418188566,19.590489778172476,19.3821693494599,19.5489010083394,19.426923639640854,1.0000000000006832,0.9397422004906506,0.952318384645504,0.9688952959417174,0.9352159380481537,0.9474452963417813,0.9356580773403175,0.9457145724769338,0.968322579148893,0.8902600061908644
0.43,18.329999999987475,19.490494251981794,19.230936879042815,18.89771595376917,19.584403759023022,19.332989809396114,19.575365906593124,19.368214036448446,19.533682911568643,19.412759224746505,1.0000000000006835,0.9404584492841276,0.9531516906997588,0.9699584883613444,0.9359488410033885,0.9481202949318969,0.9363809640884581,0.9463959849630607,0.9686997010106964,0.8915596269566802
0.4325,18.329999999987475,19.47551607351722,19.214174301422524,18.876996194383153,19.56891519439238,19.320703805654112,19.56010275833081,19.354160643296016,19.51833344770222,19.398486431007182,1.0000000000006835,0.9411817345844359,0.9539832267808115,0.9710231337258037,0.9366896334270284,0.948723203066537,0.9371116413073597,0.9470831795719973,0.9690805249921682,0.8928720724457533
0.435,18.32999999998747,19.46041362049803,19.197476515997884,18.85629411000143,19.553284017640934,19.308860999109022,19.54469846329611,19.340008423098805,19.50285117625187,19.38410423420921,1.0000000000006837,0.9419121482953814,0.9548129924641406,0.9720892076178279,0.9374384366054681,0.9493050885210582,0.9378502326051615,0.9477762159662508,0.9694650993079498,0.8941975116428025
0.4375,18.32999999998747,19.44518559837739,19.18084326984166,18.83561022470977,19.53750839795641,19.29703784651835,19.52915112048488,19.326416127252887,19.487234645193517,19.369611604371187,1.0000000000006837,0.9426497837865612,0.9556409873188707,0.9731566846692082,0.9381953740793931,0.9498867207387052,0.9385968640886269,0.948442788321845,0.969853472778918,0.8955361158402606
0.44,18.32999999998747,19.428916594053796,19.16368425308395,18.814960398798107,19.52006578811629,19.284840061711083,19.512011091084624,19.31404372898336,19.470291308637776,19.354545906561814,1.0000000000006837,0.9434391213357664,0.9564966609721831,0.97422474517517,0.9390337204272746,0.9504875301710767,0.9394213602295101,0.9490503520240732,0.9702753714585576,0.8969308401229892
0.4425,18.32999999998747,19.41269553092441,19.14640596457822,18.79501422652433,19.50267085661993,19.27259383843259,19.49491319061418,19.30161915973182,19.453399353692316,19.33952217159293,1.0000000000006837,0.9442274500622712,0.957359832122613,0.9752586392901964,0.9398712686461669,0.9510914905209641,0.940245274281343,0.9496612614884211,0.9706965392750254,0.8983249268198648
0.445,18.329999999987464,19.39652231486152,19.12900755787968,18.77490456372536,19.48532348277706,19.260299090887347,19.47785730557298,19.289142233477424,19.43655868066302,19.325358788250735,1.0000000000006841,0.9450147661756687,0.9582305796334661,0.9763032316774088,0.9407080162770591,0.9516986165948224,0.941068604848822,0.9502755373013543,0.9711169749049676,0.8996421580131306
0.4475,18.32999999998746,19.380396853246243,19.111488192476013,18.754630223648835,19.468023546859968,19.247955732836083,19.460843323812515,19.276612768402686,19.419769190647724,19.31259387600604,1.0000000000006841,0.9458010658295525,0.9591089827958204,0.9773586459138291,0.9415439608381035,0.9523089233174983,0.9418913504930795,0.9508931999736837,0.9715366770152971,0.900831811611619
0.45,18.32999999998746,19.36431904963624,19.093847035291947,18.73419004515083,19.45077093009891,19.235563686556915,19.443871134540416,19.264030586562246,19.403030785548705,19.299769657342978,1.0000000000006841,0.9465863453816793,0.9599951212618341,0.9784250056086388,0.9423790998245432,0.9529224252892687,0.9427135097310064,0.9515142699568914,0.9719556442627924,0.9020293701834559
0.4525,18.32999999998746,19.346577753378437,19.07508209801614,18.713151978613332,19.43203141682826,19.22171834752571,19.42540784708263,19.249976296605958,19.384693560465145,19.285448013619295,1.0000000000006843,0.9474543887638778,0.9609395076682985,0.9795249897477869,0.9432878944465944,0.9536088121049546,0.943609531614177,0.9522089647056781,0.9724152531904346,0.9033695869110628
0.455,18.329999999987457,19.32896047245335,19.056200670079583,18.691889074338476,19.41321547945278,19.207805341808175,19.40686555852337,19.235848836443054,19.366291592756298,19.27104444435519,1.0000000000006846,0.9483179411600011,0.961891633980335,0.9806392455626487,0.9442021606055283,0.9542995503032551,0.9445111032857947,0.9529082992830092,0.9728771409295136,0.9047204850500048
0.4575,18.329999999987454,19.313760065812403,19.037202205671587,18.670398899294398,19.394322855334394,19.193824497425087,19.388243861663884,19.221647871406837,19.347824898783898,19.256558438044628,1.0000000000006846,0.9490642908237341,0.9628515683118135,0.9817679900075803,0.9451219378333875,0.9549946652090641,0.945418271545659,0.9536123085090323,0.9733413155761435,0.9060821734535135
0.46,18.32999999998745,19.298466419113375,19.018086169942723,18.64867904682971,19.375353269109205,19.17977565127949,19.369542350631804,19.207373070769794,19.329401363430023,19.241989484467155,1.0000000000006848,0.9498164051961042,0.9638193788904893,0.9829114412860311,0.9460472666180573,0.955694181896085,0.9463310835220693,0.9543210272671282,0.973805068095914,0.9074547619309844
0.4625,18.329999999987447,19.28307890548819,18.99885204499629,18.626727141938535,19.35630646425247,19.165658649423186,19.350760622926444,19.193024107969897,19.313620818209337,19.22733707494492,1.000000000000685,0.9505743398054068,0.9647951337579658,0.9840698186172254,0.9469781868690771,0.9563981251722682,0.9472495865760925,0.955034490494308,0.9742028194376257,0.9088383612384033
0.465,18.329999999987443,19.265869405799226,18.977700995105035,18.603752209950635,19.3349100516593,19.150090804168816,19.329698118821685,19.177148214167964,19.29590776787422,19.21105606255565,1.0000000000006852,0.9514234532536842,0.96587041837828,0.9852851077104643,0.9480261325770659,0.9571756179876555,0.9482817521165393,0.9558251203616348,0.9746498609932306,0.910379461173867
0.4675,18.32999999998744,19.248609079920122,18.956503328832074,18.58070105515465,19.315981862342735,19.134492975305317,19.31175319875499,19.161236739851354,19.278140219597994,19.194730541861485,1.0000000000006855,0.9522765995139669,0.9669504803726546,0.9865074490779187,0.9489551258968129,0.9579558770465681,0.9491629170769292,0.9566188367099211,0.975098896793533,0.9119287133605389
0.47,18.329999999987436,19.231297973967397,18.935259530324718,18.557574475576377,19.297765503393112,19.118865450113773,19.29374109450304,19.145289823868268,19.260318216319348,19.17836056088966,1.0000000000006855,0.9531337939234552,0.9680353190113187,0.9877368415858502,0.9498509035554946,0.958738898384314,0.9500490293830254,0.957415644716339,0.9755499328897819,0.913486158978234
0.4725,18.329999999987432,19.213936141322105,18.913970104515375,18.534373317779426,19.279484517529912,19.103208524948865,19.27566151716078,19.129307610984362,19.242441808281,19.1619461740283,1.000000000000686,0.95399505156983,0.9691249324552986,0.9889732814659898,0.9507515609835632,0.9595246775462326,0.9509401264221791,0.9582155492901694,0.9760029751905294,0.9150518389188972
0.475,18.32999999998743,19.19652364357904,18.89263557765774,18.51109847846091,19.261138730402223,19.087522505387394,19.257514182802595,19.1132902520014,19.224511055962843,19.145487442208577,1.000000000000686,0.9548603872415786,0.9702193177153586,0.9902167621942249,0.9516571297556521,0.9603132095758586,0.9518362456338793,0.9590185550643551,0.9764580293861292,0.9166257937639771
0.4775,18.32999999998742,19.17805132907551,18.86939056472576,18.485591275213658,19.24177079436059,19.07074893540493,19.238345946282074,19.096192473149724,19.20553153897257,19.127956233475622,1.0000000000006863,0.9557801095364786,0.9714145211592533,0.9915831053009229,0.9526150267506662,0.9611578476590543,0.9527846131461414,0.9598772124743177,0.9769403936813094,0.9183067806904167
0.48,18.329999999987418,19.159463563199353,18.845993198605505,18.459921527089428,19.222264603114603,19.053896046956893,19.21903727543305,19.07900602419652,19.18642892089246,19.11032289002121,1.0000000000006866,0.9567073702004608,0.9726205356667706,0.9929619675306437,0.9535817125849976,0.9620079775195107,0.9537418413476169,0.9607418739085982,0.9774266091324953,0.9200022297538301
0.4825,18.32999999998741,19.140759714853665,18.823593259998166,18.434089796885157,19.202618946092255,19.036963902675996,19.199586769898396,19.061730662406372,19.167202488170677,19.092586906786725,1.000000000000687,0.9576422395489089,0.9737779470061598,0.9943534072996246,0.9545572950990714,0.9628636212008251,0.9547080476095581,0.9616125799191206,0.9779167097794185,0.9217122885400608
0.485,18.329999999987407,19.12193916488954,18.803527746026752,18.408096766380623,19.182832603699197,19.01995258722644,19.179993021705766,19.044366157573563,19.147851550362695,19.074747788692118,1.0000000000006872,0.958584787972569,0.9748170794107075,0.9957574774094382,0.9555418836561846,0.9637247998352109,0.9556833508362679,0.9624893707848885,0.9784107293491496,0.9234371053768795
0.4875,18.329999999987397,19.103001306817877,18.783378128474155,18.38194323964198,19.162904354119963,19.002862208105398,19.16025461125859,19.026912292605473,19.128375418737665,19.056805051351823,1.0000000000006877,0.9595350859060041,0.9758628013889118,0.9971742247832666,0.9565355888268111,0.9645915335944288,0.956667871690456,0.963372286480959,0.9789087018030647,0.9251768292778744
0.49,18.32999999998739,19.083387143199506,18.76253794993794,18.354198765547103,19.14227678640269,18.985145532060983,19.1398176880535,19.008820265138777,19.108212137990943,19.03820767888969,1.0000000000006881,0.9605213090555584,0.9769467248464982,0.9986815678605091,0.9575663440944667,0.9654916771138463,0.9576893729474256,0.9642891954539812,0.9794250454206472,0.9269852202885713
0.4925,18.329999999987344,19.063627078105007,18.741626312257683,18.32669571293041,19.12147360293073,18.967329072622725,19.119202206388717,18.99061601344241,19.087893238356592,19.019481307600643,1.0000000000006908,0.9615169204108281,0.97803678798203,1.00018029911782,0.9586081272099541,0.9663985862119808,0.9587220116263533,0.965213555317279,0.9799462015717569,0.928811517747239
0.495,18.329999999987105,19.04372011805094,18.720643563083993,18.302716616761263,19.100492937522397,18.949412831160632,19.098406043045745,18.972299097773554,19.067417600928238,19.000625135732175,1.0000000000007037,0.9625220222925653,0.9791330056700446,1.0014906739698823,0.9596610967034898,0.9673122942288711,0.9597659594568343,0.96614542631531,0.9804722203463659,0.9306559328469288
0.4975,18.329999999986853,19.023665281576697,18.699590077487237,18.27874146019012,19.079332916059556,18.931396841900934,19.07742705364846,18.953869094553326,19.04678412527513,18.98163836341395,1.0000000000007174,0.9635367174879558,0.9802353914735173,1.0028042707383065,0.9607254132334565,0.9682328331647531,0.9608213910845216,0.9670848684539769,0.981003151803247,0.9325186793001978
0.5,18.329999999986587,19.00346160406075,18.67846625890322,18.254771557794182,19.057991650530646,18.913281175082773,19.05626307332222,18.93532560419651,19.025991731506636,18.962520219780686,1.0000000000007319,0.9645611090183254,0.9813439575780416,1.0041210289576974,0.9618012399270637,0.969160233505585,0.9618884840890474,0.968031941100482,0.9815390459203249,0.934399970712333
0.5025,18.329999999986303,18.98206607144602,18.655443113457597,18.23002537901302,19.035225129069033,18.894323000398032,19.03368367414255,18.915860215620857,19.003911099216417,18.942375807508675,1.0000000000007474,0.9656483088304652,0.9825550585167913,1.0054840637304914,0.9629515740272454,0.970132668929914,0.9630295592703103,0.9690280955271046,0.9821091051789423,0.936388416842439
0.505,18.329999999985993,18.960609518033774,18.632117565349755,18.204984250600376,19.01237331488817,18.8753374689163,19.011012227121032,18.89635586639449,18.981764837416375,18.922178213440166,1.0000000000007643,0.9667410735169675,0.983785119201287,1.006867116591738,0.9641089882053907,0.9711084652227091,0.9641780133017062,0.9700283022610883,0.9826818576398321,0.9383884917501578
0.5075,18.32999999998567,18.939092362815735,18.608485331387488,18.179645735431365,18.989436168065104,18.856325353275277,18.98824846949367,18.87681300887629,18.959553405501428,18.901927790160457,1.000000000000782,0.9678394111424473,0.9850344976268565,1.0082704727449998,0.9652735256471654,0.9720875969514466,0.9653339026740039,0.9710325567870399,0.9832573032171571,0.9404002382340683
0.51,18.329999999985315,18.91751504912424,18.584542150172805,18.154007563520793,18.966413658250037,18.837287447919923,18.9653921415284,18.85723210925884,18.937277295703183,18.881624902558833,1.0000000000008014,0.9689433285715062,0.9863035554970381,1.0096944124245522,0.9664452294610159,0.9730700373223885,0.9664972842751252,0.9720408538112031,0.9838354409786446,0.9424236981255595
0.5125,18.32999999998494,18.895878045368526,18.560283792237747,18.128067631450616,18.943305779412984,18.81981928396054,18.94244300861572,18.8376136486381,18.914937014283236,18.861269936031366,1.0000000000008218,0.9700528314159382,0.9875926578054774,1.0111392108996247,0.9676241419235546,0.9739732206473419,0.967668214266916,0.9730531871973711,0.9844162696269938,0.9444589114473003
0.515,18.329999999984537,18.872714685766226,18.53551936685406,18.102070593179338,18.918776551904447,18.802008371614615,18.918069741057536,18.81831584086582,18.891107688291743,18.839336013805706,1.0000000000008438,0.9712434223267552,0.9889121333593934,1.0125913444899801,0.968878719493879,0.9748958535553466,0.9689149184294814,0.9740510338440919,0.9850369474546434,0.9466593868289951
0.5175,18.3299999999841,18.849263307075052,18.510464497551325,18.075676107175212,18.89389846813046,18.784121044777816,18.89334178951384,18.799987528393704,18.866971163866054,18.819062258932632,1.0000000000008675,0.9724517983214683,0.9902506769846214,1.0140699518688452,0.9701544671110826,0.9758242057908765,0.9701830520090149,0.9750006467991599,0.9856668251662336,0.9487001557085631
0.52,18.329999999983634,18.826237651624915,18.485116325770537,18.04887936545783,18.86866502383264,18.766157634257024,18.868252006049065,18.78156981766001,18.842523169398227,18.8000510705777,1.000000000000893,0.973641167140898,0.9916085826544524,1.0155755173963976,0.9714518741441293,0.9767582878308116,0.9714731388007483,0.9759567585646964,0.9863060645437006,0.9506198352372234
0.5225,18.32999999998313,18.80612777933474,18.459472096272258,18.021675820812607,18.843069618193876,18.748118501391883,18.842793110169698,18.763062644839444,18.81981231314662,18.780935226549605,1.0000000000009206,0.974682306484276,0.992986143070776,1.0171085187777775,0.9727714417772739,0.9776981086736335,0.972785716683747,0.9769194052678521,0.9869009987859557,0.9525559633645477
0.525,18.329999999982586,18.785900758785935,18.433529171100165,17.994061227316895,18.81938294555619,18.730004039038946,18.819252025926115,18.744465966053458,18.799041944078727,18.76171444068167,1.0000000000009501,0.9757317594381141,0.994383648939972,1.01866942478628,0.9739958027863105,0.9786436757725616,0.9740025785694298,0.9778886223377042,0.9874460435603458,0.954508690306387
0.5275,18.329999999981997,18.765426381003163,18.407164118264987,17.966131033543714,18.79775926580019,18.71158848500726,18.797710850187173,18.725576518116995,18.77804375755316,18.74221431757941,1.0000000000009823,0.976796350258049,0.9958079301206199,1.0202530509087864,0.9751162221419013,0.9796068364098001,0.9751187336631196,0.9788750686669502,0.9879979855837686,0.9564959389322529
0.53,18.32999999998136,18.7447368721655,18.380345702807848,17.93763883789152,18.775878010296857,18.693021287705513,18.77590693418493,18.70651566651677,18.756818109755976,18.722520869947214,1.000000000001017,0.9778744895170361,0.9972608946740239,1.021873623705683,0.9762526146552332,0.9805798494465808,0.9762511107586992,0.9798724854361467,0.9885568481720397,0.9585091944751437
0.5325,18.32999999998067,18.723829823047808,18.353065981792696,17.908574926162228,18.753735181146496,18.67430183413398,18.75383589363104,18.687281976048443,18.73536237821861,18.702632057767097,1.0000000000010545,0.9789663852550601,0.9987432082565618,1.0235320272872257,0.9774052914230932,0.9815628001950442,0.9774000425281005,0.9808810089928343,0.9891227337126737,0.9605488801862045
0.535,18.329999999979922,18.702702838225882,18.326180166515655,17.87893005288674,18.731326730702712,18.65542956563917,18.731493276421908,18.66787403768002,18.71367394732096,18.68254585200562,1.0000000000010953,0.9800722472334789,1.000208435879689,1.0252291354001035,0.9785745699451768,0.9825557720612037,0.9785658692290548,0.981900775792785,0.9896957454060722,0.9626154244663291
0.5375,18.329999999979112,18.681353540155392,18.303259486344285,17.8486955482749,18.708648563239393,18.636403986514715,18.708874564466875,18.64829046636485,18.69175022370798,18.66226023768011,1.0000000000011398,0.9811922867687206,1.0014609700351824,1.026965805451907,0.9797607741703268,0.9835588460769349,0.9797489387637215,0.9829319225298998,0.9902759868778652,0.964709260680819
0.54,18.329999999978224,18.659945845577745,18.281308897809275,17.8217833450923,18.68585466591307,18.61739768414589,18.686132764320913,18.628701373965267,18.669752594952282,18.64194263422043,1.0000000000011882,0.9823179633902347,1.0026634363252054,1.02851659932493,0.9809559331229188,0.9845629507935673,0.9809413339393099,0.9839655288917392,0.9908592112812351,0.966813254004052
0.5425,18.329999999977257,18.638344157376057,18.25899953905175,17.79773284571162,18.662820586789653,18.59826265290694,18.663143481918627,18.608961284152308,18.64754945786801,18.621451308910984,1.000000000001241,0.9834564618631086,1.003888518688902,1.029906458249632,0.9821666513246537,0.9855759294341933,0.9821496586445158,0.985009303856746,0.9914489305386593,0.968942216445325
0.545,18.329999999976195,18.61654702117371,18.236324825947804,17.7732111991067,18.639543295033196,18.578999002903597,18.63990327184919,18.58906946536425,18.625139231231618,18.600785020999364,1.0000000000012987,0.9846079393322617,1.005136735331612,1.0313274171254594,0.9833931931628562,0.98659782462636,0.9833742017150263,0.9860633440610379,0.9920452191216196,0.9710964871179897
0.5475,18.329999999975037,18.59455302747739,18.21327817046214,17.748209769870357,18.616019750872304,18.559606909070688,18.616408666625713,18.569025222504173,18.602520385139155,18.579942564348507,1.000000000001362,0.9857725524734876,1.0064086118075746,1.0327802205221452,0.9846358268469875,0.9876286760708025,0.9846152568008906,0.9871277452833392,0.9926481508998034,0.9732764065357208
0.55,18.329999999973765,18.57236081636738,18.189852996545312,17.722720184487585,18.5922469075474,18.540086614917676,18.592656180499045,18.54882790252958,18.57969144651335,18.55892277089353,1.0000000000014315,0.986950457253997,1.0077046803776428,1.0342656098607232,0.9858948243936595,0.9886685203105452,0.9858731222720866,0.9882026021439481,0.9932577989961107,0.9754823162939286
0.5525,18.32999999997236,18.550543937165937,18.165985887509507,17.697078873980875,18.568871800956742,18.52089943855048,18.569292975313687,18.528966646948945,18.55725407066064,18.53824934224921,1.000000000001508,0.9881111875795686,1.0090286381100444,1.0357641580582928,0.9871359012266736,0.9896927555174168,0.9871135117728067,0.9892618595121867,0.9938580862495191,0.9776592002413856
0.555,18.32999999997082,18.52846290517211,18.14169787736362,17.67106031093426,18.54516931474292,18.501535013328123,18.545593417186442,18.508898416019477,18.534536703876473,18.517339619608688,1.000000000001592,0.9892887550258308,1.0103795203684511,1.0372891992597644,0.9883975545819437,0.9907286063991689,0.9883749518100268,0.9903344644290317,0.9944669745369908,0.979868386332344
0.5575,18.32999999996911,18.50611454077114,18.116981204006972,17.64466248022426,18.521133643861056,18.48199273538532,18.521551113989755,18.48862132734195,18.511535892961742,18.496190887420074,1.0000000000016853,0.9904834404659532,1.0117579630731148,1.0388410671240584,0.9896802405545835,0.9917761716736143,0.9896579334629773,0.9914205973212632,0.9950846014648537,0.9821104502943968
0.56,18.329999999967214,18.483495707499987,18.091828196498543,17.617883895338466,18.496758914368165,18.46227209426888,18.497159583388125,18.468133541387804,18.48824823577577,18.47480046115601,1.0000000000017888,0.9916955261099393,1.013164606744804,1.0404200702474804,0.9909844251557701,0.9928355462646474,0.9909629593325103,0.9925204384580477,0.9957111047488149,0.984385973949355
0.5625,18.329999999965104,18.46060332103191,18.066231283324385,17.590723659737954,18.472039188518956,18.442372672190775,18.472412258987152,18.44743325763644,18.464670391871117,18.45316569381363,1.0000000000019038,0.992925295085935,1.0146000963089121,1.042026488196965,0.9923105842798756,0.9939068213082898,0.9922905434877426,0.9936341681795852,0.99634662195089,0.9866955447095294
0.565,18.329999999962755,18.436871543243498,18.04111113743381,17.56538113883788,18.4464107124837,18.421741916688,18.44674557417396,18.425962007480724,18.440236500177214,18.430723591891148,1.000000000002032,0.9942033797332246,1.0160128087657956,1.043529875902978,0.9936892485861808,0.9950199108692923,0.9936712102574122,0.994792021852549,0.9970064986948889,0.9890998999546055
0.5675,18.32999999996013,18.412602136302613,18.015476674107838,17.539569913113322,18.420120218925906,18.400741031434816,18.420402977558528,18.404065873741295,18.415231820725662,18.40780202407203,1.0000000000021754,0.9955138260365843,1.017458507014927,1.0450655341494846,0.9951075119024843,0.9961555335562866,0.995092236707923,0.9959755700588439,0.9976831497222106,0.991564706554171
0.57,18.32999999995718,18.3877800426322,17.98931713491698,17.513285434053365,18.393144148996058,18.379363612821056,18.393359467581455,18.381734905985454,18.3896399304422,18.384388239053425,1.0000000000023361,0.9968576933975588,1.0189380654378348,1.0466340007431496,0.9965669736242728,0.9973141826963683,0.996555307490558,0.9971855264886555,0.9983771198294497,0.9940919667857414
0.5725,18.329999999953863,18.362389915931995,17.962621910682948,17.48652391233595,18.365458037899497,18.357603360149557,18.36558901733288,18.358959026421413,18.3634440920641,18.360469247847767,1.000000000002517,0.9982360729686993,1.020452364423401,1.0482357781279228,0.9980693082728279,0.9984963527314531,0.9980621902570461,0.9984226215451684,0.999088969009813,0.9966837485973115
0.575,18.329999999570262,18.336416169190482,17.935380607413208,17.459282429691548,18.33703650040283,18.335454118356147,18.337064574276255,18.335728063038275,18.33662730717417,18.33603184329685,1.0000000000234446,0.9996500859747467,1.0220022870562158,1.0498713262595316,0.999616268397422,0.9997025370453911,0.9996147379943155,0.9996876010039755,0.9998192713962812,0.9993421857872912
0.5775,18.364192169301603,18.31804206045279,17.909331591758725,17.43196474608548,18.315649528198335,18.32218080040999,18.314776364824738,18.32194855379781,18.31769933263977,18.31867323480542,0.9981381065398149,1.000652795724988,1.0234887832684305,1.051516582725776,1.0007835087573373,1.0004267614033062,1.0008312214614044,1.0004394426814676,1.0003357027211672,1.0012370182950143
0.58,18.411744273102055,18.30164353846847,17.882816730192822,17.4041449420579,18.29580210184578,18.311708559387853,18.29368290931618,18.31103138101429,18.300823476165036,18.303152670944176,0.9955602102717952,1.0015493942646152,1.0250063106139295,1.0531973883821624,1.0018691663783779,1.0009988931700626,1.001985225766941,1.0010359121007997,1.0007968194516341,1.0029357804706238
0.5825,18.460280826793387,18.28518504745664,17.855829863375757,17.375822074208028,18.275674886590554,18.301504030060205,18.272248269452522,18.3002232941413,18.283877348758192,18.28758978602165,0.9929426411214562,1.0024508886525922,1.0265554802130379,1.0549141169676408,1.002972536650305,1.0015570288591031,1.003160625320751,1.0016271225427198,1.0012604985229538,1.0046435195253014
0.585,18.50981835017686,18.268680546903006,17.828675547138403,17.346996598791126,18.255268366468787,18.291596446987395,18.250473352949257,18.289540562622157,18.266875212271373,18.27199793646029,0.9902852450102438,1.0033565343123476,1.0281189958017978,1.0566670660025022,1.0040937022689012,1.0020995189306692,1.0043575114745116,1.0022121625876446,1.0017263583942102,1.0063588145880387
0.5875,18.560373686956,18.25214550368855,17.80604365577075,17.319918217743115,18.234583738304714,18.282016973821325,18.228360361996174,18.279000711417357,18.249832912281132,18.256391853385278,0.9875878745308935,1.0042654983380292,1.0294257587119553,1.0583190849724753,1.005232708520505,1.0026246024302126,1.0055759067730379,1.0027900479565488,1.0021939719201733,1.008080078249198
0.59,18.611964005353524,18.2369681872948,17.78483607020791,17.29786318080405,18.215116595124147,18.273974376654188,18.207398118963237,18.269877115217337,18.234185159391156,18.242075305673062,0.9848503894982594,1.005101276251061,1.0306533008029979,1.0596684577978015,1.00630703648126,1.0030658696455976,1.006733629936343,1.003290820425529,1.0026238984705647,1.0096630001007771
0.5925,18.664606816569343,18.221870356405518,17.76318716545187,17.275458544381603,18.195477588659593,18.266364275514498,18.1862123886789,18.26098342963046,18.21861300505204,18.227844375540126,0.9820726565602069,1.0059340584407392,1.0319094106968902,1.0610427476011257,1.007393178370006,1.0034837652159825,1.007906407791136,1.0037794552870332,1.0030522976920038,1.0112401534071394
0.595,18.71831998684668,18.206873544759002,17.741756093709594,17.25270316753359,18.1756742486132,18.25922193979594,18.164814286652124,18.252340952711798,18.20313877817099,18.213719148155622,0.9792545491732405,1.0067626358220323,1.033155900869304,1.0624422052593872,1.0084907855013179,1.0038762911386603,1.0090937188094051,1.0042547445004124,1.0034785473013748,1.0128092492960445
0.5975,18.773121751188476,18.19200114356604,17.724769450221036,17.22959656406924,18.155715271370163,18.25258461311555,18.143217083452047,18.243972411445405,18.187786764558712,18.19972139243316,0.9763959475114775,1.0075856886411185,1.0341460322786549,1.0638670459774753,1.0095994416096992,1.00424133833785,1.0102949171411457,1.004715397864811,1.0039019678918901,1.0143677905596904
0.6,18.829030722597683,18.177278543487528,17.707802861257356,17.206138975953664,18.13561064802306,18.24649159170321,18.12143647195581,18.235902063907442,18.172583357220827,18.185874688758624,0.9734967386293142,1.0084017778649925,1.0351368909862861,1.0653174442922368,1.0107186549022065,1.0045766830229852,1.0115092160804668,1.005160037368198,1.004321818480348,1.015913055511105
0.6025,18.886065926062404,18.16301079222579,17.691443661760314,17.18376986729965,18.115673271801484,18.241224249234442,18.099789137807033,18.228414429594977,18.157843769647318,18.172465590965604,0.9705568153664527,1.009193916674084,1.036094077478816,1.0667042297209535,1.0118310109142967,1.0048667649469463,1.0127189803395058,1.0055729241178593,1.0047293637447514,1.0174128523679236
0.605,18.944246782360302,18.148955949823804,17.675243839086367,17.161021415170172,18.095623290248387,18.23658835329118,18.078006873362988,18.22128251194691,18.143318631355104,18.159265759258425,0.9675760778764639,1.009975452619794,1.0370436847646614,1.0681182405492755,1.0129521214048438,1.0051222106294877,1.0139392095822417,1.0059665113024734,1.005131465299186,1.0188924892179445
0.6075,19.00359315058942,18.13514623968339,17.659241804604058,17.137893536888303,18.075475622741926,18.23262951111127,18.056114585980506,18.214535655694018,18.1290415401348,18.146304959785095,0.9645544321407171,1.0107445375814084,1.0379834085074402,1.0695596842485782,1.0140811994422898,1.0053404523373544,1.0151685686704797,1.0063391319157724,1.0055271709789264,1.0203484745842577
0.61,19.064125333138886,18.121616522219494,17.643479755353145,17.11438712127035,18.055247134835444,18.22939565525311,18.034140941227168,18.208205156445317,18.1150488725306,18.133615348891187,0.9614917904540439,1.011499166066394,1.0389107054938278,1.0710287122825943,1.0152173417019839,1.0055187975865727,1.0164054977576713,1.006689008746783,1.0059154473667695,1.0217770209837287
0.6125,19.125864094821267,18.10840448713798,17.628003995455046,17.090504126606255,18.034956852668795,18.22693711265003,18.01211878961617,18.202324387155876,18.101379985679326,18.121231648898107,0.9583880712068449,1.0122371638550163,1.039822773169665,1.0725254131891941,1.0163595150097375,1.0056544271104355,1.0176481853188246,1.0070142477481732,1.0062951739321724,1.0231740235573739
0.615,19.18883068062836,18.09739564448519,17.615325468993937,17.067810313083186,18.016513214979412,18.227059540220715,17.99190581471127,18.198803275006288,18.089971166193443,18.110945225137222,0.9552431987689916,1.0128529187339557,1.0405711794689243,1.0739514714403229,1.0173999697544112,1.0056476723276255,1.0187914603806054,1.007209085290454,1.0066124444885336,1.0243366122933983
0.6175,19.253046834159406,18.086780322692288,17.603088673301496,17.0447788582396,17.99803075783461,18.228073109303832,17.9716940689298,18.195816011376863,18.07896493077287,18.101035198703862,0.9520571033712074,1.013447372775494,1.0412945330327745,1.075402629300709,1.0184447535751033,1.0055917534500203,1.0199372373965376,1.0073744419343018,1.006918804059103,1.0254585350567544
0.62,19.31853481674866,18.07660615034974,17.591351971846862,17.021915676059237,17.979534979880142,18.23003737046559,17.951529792817766,18.19340424461045,18.068411067852963,18.091545365589294,0.9488297209842423,1.0140177778695123,1.0419892700308238,1.0768470687338993,1.0194924407395431,1.0054834023377464,1.0210828944134698,1.0075079822089932,1.0072128346641398,1.0265346158950017
0.6225,19.385317427321507,18.066924630772196,17.580178768474063,17.010065370401602,17.961054707586804,18.23301467896532,17.93146560369292,18.191612424991753,18.05836344227838,18.082523044491317,0.9455609931961111,1.014561159389558,1.0426515134687122,1.0775972696668854,1.0205414046346262,1.0053192147728907,1.0222254223450093,1.0076072187431901,1.0074930009749352,1.0275592555960729
0.625,19.453418023009057,18.05779141189747,17.56963786627094,16.999042376948235,17.942622458685292,18.237070241991262,17.911561172333407,18.190487979405255,18.048880275417268,18.074019328712097,0.9422508670877116,1.015074301274916,1.0432770521234678,1.078296035361182,1.021589795037302,1.0050956517014868,1.0233613822737533,1.0076695040151038,1.0077576425881094,1.0285264037773019
0.6275,19.522860540555413,18.051161045108525,17.561477259556035,16.991939218312538,17.926432635443778,18.2438043676627,17.89400914799341,18.191806626662657,18.041986055859173,18.067862378924875,0.9388992951070133,1.0154471479255367,1.0437618503890824,1.07874679661315,1.0225124191055335,1.0047246523038849,1.0243651854875397,1.0075964623070919,1.0079501668157382,1.0292275010362217
0.63,19.593669518553327,18.04522944699908,17.55409450664926,16.98594127535245,17.910424259897752,18.25175223265524,17.87680816729868,18.19391286919117,18.035814267419546,18.06236127655076,0.9355062349420178,1.0157809327854392,1.044200826938515,1.0791277152593162,1.0234263428947183,1.0042871372757716,1.025350824848606,1.0074798165621248,1.0081226104603032,1.0298545229365565
0.6325,19.665870120536987,18.040063545403733,17.547578901692326,16.981163383386175,17.894642946059236,18.260984347967625,17.860040402830005,18.196861823795828,18.030434880514502,18.057577559795686,0.9320716493931311,1.016071808941612,1.0445885499470366,1.0794313431983986,1.02432890420072,1.0037794048073896,1.02631346775092,1.0073165459788276,1.008272986121541,1.030400242302914
0.635,19.739488158981995,18.035735145848946,17.542027147693826,16.977728669786497,17.879139595626135,18.271573927975837,17.843797351861486,18.20071205674849,18.025922942280577,18.05357728825085,0.928595506244642,1.0163156562109297,1.0449191445020518,1.079649719730767,1.0252171197591724,1.0031976485580538,1.0272477118267538,1.0071034552301252,1.0083991649810944,1.0308569204849551
0.6375,19.814550120247272,18.032321206237384,17.537543776540115,16.975768790053074,17.863970980411427,18.28359687862077,17.82850575491372,18.205525768900326,18.02235884865546,18.05043131923271,0.9250777781358609,1.0165080685042174,1.0451862720091938,1.0797743670225077,1.026087649834384,1.0025379645858137,1.028128787234346,1.0068371676094248,1.0084988703358384,1.0312162832600633
0.64,19.891083190504304,18.0312475954365,17.536088551972703,16.97709910263724,17.850443907729577,18.298550186537618,17.81726766852741,18.212868512458353,18.021203319657776,18.04950001444961,0.9215184424320573,1.0165685931038466,1.0452730063305928,1.079689756723668,1.0268652194169114,1.001718705205701,1.0287772705114762,1.0064312487328138,1.0085312025555029,1.031322701879155
0.6425,19.96911528270031,18.031266164291218,17.53595173078206,16.980209802168083,17.83736374945153,18.315129816709515,17.806772828091855,18.221341991529126,18.021180964263802,18.04958713448719,0.9179174810954037,1.0165675462270303,1.045281161890067,1.0794919623230788,1.027618220801469,1.0008119070647765,1.0293836045958147,1.005963227545007,1.0085318281001168,1.0313127461217144
0.645,20.048675064604808,18.03247368418754,17.537241277940648,16.985270772938314,17.825806968875323,18.33404957710772,17.797123133353676,18.23102374779957,18.022392738670234,18.05078199721042,0.9142748805561189,1.016499473173964,1.0452043003511922,1.079170314388168,1.028284443560116,0.9997791226051459,1.0299417418564498,1.0054290013314464,1.0084979221249606,1.03117621615071
0.6475,20.129791986475812,18.03497349043862,17.54007165431531,16.992461761838502,17.816208683176395,18.357756126319742,17.78843012596103,18.24199597497951,18.024946338345433,18.053180151768988,0.9105906316525776,1.0163585773895256,1.0450356396058593,1.0787136235413124,1.0288384204496197,0.9984880436296923,1.0304450628978545,1.004824254162823,1.0084264824897078,1.030902274864647
0.65,20.21249632085266,18.03887572581388,17.544563952882317,17.001971952144242,17.80724618422328,18.383576319534832,17.780815619687665,18.254345696728613,18.028956414055074,18.056883665073066,0.906864729077994,1.0161387149959415,1.0447680574579712,1.0781102363651573,1.029356241294618,0.9970856421730141,1.0308863435771898,1.0041444543961358,1.0083143270399428,1.0304794368130499
0.6525,20.296819170744016,18.046248420734198,17.553580850467437,17.016448721034013,17.800862021305893,18.41315935630833,17.7761211295013,18.26984736607885,18.03656942567163,18.06381937248657,0.9030971723106741,1.0157235771474689,1.0442313825393574,1.0771930324887535,1.0297254131884614,0.995483699744344,1.031158590024428,1.003292454102974,1.0081015061122678,1.0296882717071347
0.655,20.382792531951814,18.0552552527222,17.564568216927288,17.033572621117255,17.795257194761188,18.444951166172977,17.772756295360658,18.286898219014684,18.045879077888944,18.072276787707775,0.8992879641622276,1.0152168852465475,1.0435781724674025,1.0761101272011198,1.0300497373758801,0.9937678790723075,1.03135381453381,1.0023569760420332,1.0078414388385915,1.028724755745746
0.6575,20.470449308639342,18.06601950519375,17.577678767668324,17.053532133160466,17.79053415022531,18.479035640854818,17.770885128891745,18.30559442712525,18.05701276207971,18.08237166752306,0.8954371114982812,1.0146119899145665,1.0427998054962448,1.0748506442461532,1.03032319576351,0.9919348799498325,1.0314624098379463,1.0013332302849771,1.0075306809449924,1.0275764601374644
0.66,20.559823354066346,18.078671058971977,17.593072480446075,17.076519790350453,17.786807041467924,18.51549739988085,17.770685434480434,18.32603708180528,18.07010437976736,18.09422648175841,0.8915446248897207,1.0139019588446627,1.041887369041024,1.0734037277524113,1.0305390932316119,0.9899815059852487,1.0314740006839764,1.0002162452349643,1.0071656416481336,1.0262304244280342
0.6625,20.650949507856158,18.093346380836824,17.610916239145826,17.102730772696344,17.784203056280223,18.5544216619411,17.772349145628663,18.35185895297475,18.08529426373901,18.10797048697625,0.8876105184910164,1.0130795936905195,1.040831706374015,1.0717586708002755,1.0306899860506844,0.9879046802950786,1.031377441991595,0.9988088970697321,1.0067425923263003,1.0246731915362997
0.665,20.743863634873883,18.112467364500965,17.63314943978,17.1351493235353,17.78541693933221,18.597675775956294,17.778449860851786,18.38282463070517,18.105096095059142,18.125860209645236,0.8836348099196055,1.0120101050354622,1.0395193474994275,1.0697309754297597,1.0306196398164527,0.9856070307289501,1.0310235224929667,0.9971264138256025,1.0061918965228727,1.0226515414896593
0.6675,20.838602665799012,18.133820689755694,17.65825220129592,17.170898821317728,17.78806844189579,18.643528971263983,17.786828655154988,18.416050552365302,18.12720583455372,18.145844657806126,0.8796175201365009,1.0108184212031572,1.038041579146479,1.0675038150736318,1.0304660148950078,0.9831829600636641,1.030537840970745,0.9953274154998316,1.0055780835444779,1.0204002411884516
0.67,20.935204639481192,18.157544923634877,17.686416744654597,17.210136437578317,17.792328896223008,18.692064880043198,17.797713814940312,18.451645170384086,18.15176396325274,18.168058474820388,0.8755586733282704,1.0094977089188224,1.0363885610430343,1.0650699990952113,1.0302192651064994,0.9806300222919857,1.0299075595098546,0.9934073536933534,1.0048976131943272,1.017906510008878
0.6725,21.033708748424978,18.183783605999583,17.71783930172937,17.253016407608303,17.798388292156165,18.7433673196734,17.81134613112204,18.48971990354741,18.178915460046184,18.192642084142594,0.8714582967386846,1.008041032447844,1.0345505277390614,1.062422915909172,1.0298685307409616,0.9779459414830163,1.0291192964899891,0.9913616915572222,1.004146889923158,1.0151573866450592
0.675,21.134155377979276,18.21268492226543,17.752718785702367,17.299688744004687,17.806456989195937,18.797520196525472,17.8279777709606,18.530388955147572,18.208809397628883,18.219741511563768,0.8673164208444751,1.0064413939095356,1.032517904511762,1.0595566354540555,1.0294018631062722,0.975128623795181,1.0281592357523088,0.9891859282806956,1.0033222826070463,1.0121398108968676
0.6775,21.23658617087276,18.246001736697597,17.791961353172997,17.358030051817057,17.818115627398427,18.857656218551345,17.85251931924212,18.574818210723066,18.24324897344579,18.251016908897537,0.8631330785708244,1.0046036531462923,1.0302405471857126,1.0559954064649866,1.0287283113043932,0.9720189925812595,1.0267458431059215,0.9868198865826999,1.0023748001431119,1.0086739270572342
0.68,21.341044058004154,18.28230247804605,17.83552758247237,17.42603992924802,17.832682237162423,18.92472201631062,17.881272396085713,18.621733275158544,18.28075346048486,18.285126334952217,0.8589083059938282,1.00260894501725,1.0277240140635688,1.0518740961470407,1.0278879955479268,0.9685743327802624,1.0250948363167107,0.9843337206667161,1.0013460445679845,1.004914237574624
0.6825,21.447573324272,18.321745963258067,17.889864707082843,17.497890558867887,17.852873947142882,18.994803236505593,17.914087607542083,18.671231428876506,18.3214806182994,18.322230001924382,0.8546421416942368,1.0004505049223194,1.0246024942124297,1.0475548431585315,1.0267254479177836,0.9650007832022222,1.0232170569648669,0.981724214057528,1.0002324700645802,1.0008483296635213
0.685,21.556219659622894,18.3697642148318,17.94843539391731,17.573644163992657,17.87649353723371,19.067966394180182,17.951190186436797,18.7234121362704,18.371230272165914,18.36712518519346,0.8503346268239256,0.9978353442991014,1.0212589341470957,1.043039214231791,1.0253688712398612,0.9612981070490338,1.021102211587587,0.9789882242933545,0.998877227309555,0.9959615166185164
0.6875,21.667030217375483,18.4223963395563,18.01136975393111,17.65335837259753,17.903847729052,19.14427817880721,17.99279715182233,18.77837690801615,18.425742140752394,18.416366456906598,0.8459858049812747,0.9949845645564628,1.0176905060759938,1.0383293429567935,1.0238022729749034,0.9574662376297574,1.0187409909272234,0.9761227016470874,0.997398562407519,0.9906426772573889
0.69,21.780053676269855,18.47968604287763,18.08085415320623,17.73852712707517,17.937478259080198,19.225113024203424,18.040686939469264,18.839599879245146,18.48501918004917,18.470066234122537,0.8415957220514654,0.9918999682932752,1.013779539654635,1.033343967550837,1.0218827716611227,0.9534404285126168,1.0160366986856681,0.9729505996671112,0.9957980688523863,0.9848906720801041
0.6925,21.895340295132222,18.540725340824935,18.154320610305923,17.827718025998767,17.975174141580602,19.30894789467348,18.093118034179188,18.911792652200734,18.548105240293168,18.52740281987148,0.8371644264453443,0.9886344607909736,1.0096770016055763,1.028174215750369,1.0197397730683793,0.9493008163876434,1.0130923793993567,0.9692365148613751,0.9941031656785444,0.9788042399981804
0.695,22.012941998268296,18.60563612629466,18.231855066617243,17.930245216921207,18.01723613839515,19.401772715858144,18.150248833182786,18.98712238758897,18.61511551024305,18.588510800434594,0.832691968272209,0.9851853425261226,1.0053831567344163,1.0222949981019522,1.0173591476074593,0.9447590314784936,1.0099035097793585,0.9653911543742669,0.9923122775290655,0.9723793642543607
0.6975,22.132912425749744,18.674537411130135,18.313538997564702,18.037070236034232,18.063973185648784,19.499594189604146,18.21222620611916,19.06567607314789,18.686161872755513,18.653522978872587,0.8281783999955931,0.9815504179008586,1.0008988433332022,1.0162404293010159,1.0147269269953616,0.9400195625492713,1.0064667434144472,0.9614135858426748,0.9904240535621524,0.9656132066575973
0.7,22.255307016536257,18.74754488068894,18.406680357559175,18.147992826739237,18.115698953147145,19.600533492966765,18.27918448012088,19.147541268830906,18.761352562408987,18.722569760350563,0.823623775955117,0.977728023410733,0.9958341017462345,1.0100290525237918,1.011829576513007,0.9351786269785632,1.0027799664659214,0.9573030679316654,0.9884373782380441,0.958504188555492
