r,a_yield,a_base,a_base_k2,a_base_k5,a_abar5,a_abar20,a_tau05,a_tau2,a_eta05,a_eta2,v_yield,v_base,v_base_k2,v_base_k5,v_abar5,v_abar20,v_tau05,v_tau2,v_eta05,v_eta2
0.0,10.329999999335218,11.08351914859099,10.96012720382039,10.790177849912032,11.282529139030574,10.849959581617691,11.245882229628004,10.943821283563327,11.165563057617245,10.960647207300374,1.0000000000643545,0.932014449698787,0.9425073092581676,0.9573521533831083,0.9155748567282301,0.952077279393868,0.9185584366858253,0.9439116129861116,0.9618555305445875,0.8882357412764581
0.0025,10.329999999335218,11.08351914859099,10.959194859995067,10.787704533093612,11.282529139030576,10.849959581617691,11.245882229628004,10.943821283563327,11.165563057617245,10.960647207300374,1.0000000000643545,0.932014449698787,0.9425874922352326,0.957571647268471,0.9155748567282301,0.952077279393868,0.9185584366858253,0.9439116129861116,0.9618555305445875,0.8882357412764581
0.005,10.329999999335218,11.08351914859099,10.95826236084186,10.78522858817805,11.282529139030576,10.849959581617691,11.245882229628004,10.943821283563327,11.165563057617245,10.960647207300374,1.0000000000643545,0.932014449698787,0.9426677022182927,0.9577914752148103,0.9155748567282301,0.952077279393868,0.9185584366858253,0.9439116129861116,0.9618555305445875,0.8882357412764581
0.0075,10.329999999335218,11.08351914859099,10.957329706512532,10.782750016104849,11.282529139030576,10.849959581617691,11.245882229628004,10.943821283563327,11.165563057617245,10.960647207300374,1.0000000000643545,0.932014449698787,0.942747939204597,0.958011637529514,0.9155748567282301,0.952077279393868,0.9185584366858253,0.9439116129861116,0.9618555305445875,0.8882357412764581
0.01,10.329999999335218,11.08351914859099,10.95639689715916,10.78026881784803,11.282529139030574,10.849959581617691,11.245882229628004,10.943821283563327,11.165563057617245,10.960647207300374,1.0000000000643545,0.932014449698787,0.9428282031913635,0.958232134517596,0.9155748567282301,0.952077279393868,0.9185584366858253,0.9439116129861116,0.9618555305445875,0.8882357412764581
0.0125,10.329999999335218,11.08351914859099,10.95546393293414,10.777784994416372,11.282529139030574,10.849959581617691,11.245882229628004,10.943821283563327,11.165563057617245,10.960647207300374,1.0000000000643545,0.932014449698787,0.94290849417578,0.9584529664816698,0.9155748567282301,0.952077279393868,0.9185584366858253,0.9439116129861116,0.9618555305445875,0.8882357412764581
0.015,10.329999999335218,11.08351914859099,10.95454146516609,10.775431147163882,11.282529139030574,10.849959581610857,11.245882229628002,10.943821283561588,11.16556305761813,10.960647207300374,1.0000000000643545,0.932014449698787,0.9429878952805059,0.9586623364689105,0.9155748567282301,0.9520772793944676,0.9185584366858253,0.9439116129862618,0.9618555305445493,0.8882357412764581
0.0175,10.329999999335218,11.08351914859099,10.95361804114085,10.77306916115153,11.282529139030574,10.849959586604044,11.245882229628004,10.943821283559856,11.165563057619016,10.960647207300374,1.0000000000643545,0.932014449698787,0.943067392089208,0.9588725223495947,0.9155748567282301,0.9520772789563184,0.9185584366858253,0.9439116129864111,0.9618555305445112,0.8882357412764581
0.02,10.329999999335218,11.08351914859099,10.952693659774518,10.770699002968518,11.282529139030576,10.84995958659724,11.245882229628004,10.94382128355813,11.165563057619899,10.960647207300374,1.0000000000643545,0.932014449698787,0.9431469847402509,0.9590835281120513,0.9155748567282301,0.9520772789569155,0.9185584366858253,0.9439116129865599,0.9618555305444731,0.8882357412764581
0.0225,10.329999999335218,11.08351914859099,10.951768319982937,10.768320639113846,11.282529139030574,10.849959586590455,11.245882229628004,10.94382128355641,11.165563057620782,10.960647207300374,1.0000000000643545,0.932014449698787,0.9432266733721496,0.9592953577624974,0.9155748567282301,0.952077278957511,0.9185584366858253,0.9439116129867086,0.9618555305444352,0.8882357412764581
0.025,10.329999999335218,11.08351914859099,10.950842020681693,10.765934035997423,11.282529139030574,10.849959586583681,11.245882229628004,10.943821283554696,11.165563057621664,10.960647207300376,1.0000000000643545,0.932014449698787,0.9433064581235695,0.9595080153250227,0.9155748567282301,0.9520772789581053,0.9185584366858253,0.9439116129868563,0.9618555305443972,0.8882357412764577
0.0275,10.329999999335218,11.083498486652505,10.949893893248793,10.76243970786696,11.282524223920145,10.84993159122539,11.245873979251318,10.943795037883637,11.165547621308578,10.960621679769314,1.0000000000643545,0.9320161871669023,0.9433881369726338,0.9598195465335931,0.9155752555885771,0.9520797355399115,0.9185591105732548,0.9439138766982669,0.9618561954243693,0.888239878722771
0.03,10.329999999335218,11.083477821320798,10.94894511679248,10.758939666165471,11.28251930779386,10.849903592828127,11.245865727259932,10.943768788788887,11.165532182136062,10.960596148819159,1.0000000000643545,0.9320179249268343,0.9434698858940119,0.9601317899835062,0.9155756545317083,0.9520821924010654,0.9185597845935616,0.9439161407158337,0.9618568604288832,0.8882440167521579
0.0325,10.329999999335218,11.08345715259505,10.947995690986007,10.75543391246054,11.282514390651405,10.849875591391438,11.245857473653372,10.943742536269804,11.165516740103335,10.960570614449248,1.0000000000643545,0.9320196629786549,0.9435517049486207,0.96044474672773,0.9155760535576493,0.9520846495416114,0.9185604587467848,0.9439184050396164,0.9618575255579733,0.8882481553647379
0.035,10.329999999335218,11.083436480474445,10.947045615503374,10.751922448472785,11.282509472492466,10.849847586914867,11.245849218431166,10.943716280325752,11.16550129520961,10.960545076658917,1.0000000000643545,0.9320214013224359,0.9436335941973691,0.9607584178090202,0.9155764526664258,0.9520871069615933,0.9185611330329636,0.9439206696696744,0.9618581908116745,0.8882522945606304
0.0375,10.329999999335218,11.083415804958166,10.946094890019344,10.748405276077373,11.282504553316729,10.849819579397971,11.245840961592839,10.943690020956092,11.165485847454109,10.960519535447506,1.0000000000643545,0.9320231399582496,0.9437155537011561,0.9610728042597527,0.9155768518580638,0.9520895646610547,0.9185618074521373,0.9439229346060667,0.9618588561900208,0.888256434339954
0.04,10.329999999335218,11.083227405741678,10.944587260634242,10.744565898136397,11.282292449378446,10.849674904499787,11.245636445979438,10.943527793017207,11.165282566574318,10.96035571946817,1.0000000000643545,0.9320389830356212,0.9438455515956455,0.9614162263913983,0.9155940644464585,0.9521022602912962,0.9185785126188392,0.943936927413052,0.9618676121988095,0.8882829867053762
0.0425,10.329999999335218,11.083038980843565,10.943078502985879,10.74072790810204,11.282080305364426,10.849530218774522,11.245431892605657,10.943365548522259,11.165079254280926,10.960191885359341,1.0000000000643545,0.93205482881138,0.9439756826364175,0.9617597697645598,0.9156112809344454,0.9521149572102668,0.9185952214776568,0.9439509220629951,0.9618763697998736,0.8883095432001427
0.045,10.329999999335218,11.082850530260814,10.94156861695446,10.736891315751212,11.281868121265134,10.84938551722248,11.245227301462283,10.943203287470226,11.164875910569524,10.960028033119412,1.0000000000643545,0.932070677286027,0.9441059469291444,0.9621034334999464,0.9156285013232017,0.9521276558568226,0.9186119340297133,0.9439649185561295,0.9618851289935247,0.8883361038249806
0.0475,10.329999999335218,11.08266205399041,10.940057602424863,10.73305613087017,11.281655897071035,10.849240809843987,11.245022672540092,10.943041009860096,11.164672535435704,10.959864162746777,1.0000000000643545,0.9320865284600638,0.9442363445792421,0.9624472167148267,0.9156457256139052,0.9521403553534494,0.9186286502761313,0.9439789168926882,0.9618938897800748,0.8883626685806167
0.05,10.329999999335218,11.082473552029338,10.938545459286662,10.72922236325436,11.28144363277259,10.84909609163935,11.244818005829863,10.942878715690853,11.164469128875062,10.959700274239832,1.0000000000643545,0.9321023823339917,0.9443668756918667,0.9627911185230326,0.9156629538077339,0.952153056138992,0.9186453702180349,0.9439929170729038,0.9619026521598354,0.8883892374677781
0.0525,10.329999999335218,11.081970644302093,10.936763729185554,10.72466161421313,11.280863518851652,10.848719118482892,11.244261291171215,10.942452085529293,11.163921301324848,10.959268715589463,1.0000000000643545,0.9321446818045195,0.9445207243925039,0.9632005532286357,0.9157100414110457,0.9521861417170298,0.9186908532720531,0.9440297219725345,0.9619262527520828,0.8884592055685631
0.055,10.329999999335218,11.08146761004912,10.934975149174196,10.720091728307498,11.280283193413025,10.84834209849073,11.243704375526534,10.942025377417663,11.163373317144092,10.958837068983579,1.0000000000643545,0.932186995757885,0.9446752149939834,0.9636111576100213,0.9157571510289804,0.9522192337055039,0.9187363572529231,0.9440665364676663,0.9619498618300006,0.8885291961981876
0.0575,10.329999999335218,11.080964449258182,10.93317968446041,10.715512713369096,11.279702656371805,10.847965031676917,11.24314725880832,10.941598591357378,11.16282517631233,10.958405334416845,1.0000000000643545,0.9322293241985398,0.9448303511084042,0.9640229335094609,0.9158042826744793,0.9522523321042777,0.9187818821733458,0.9441033605600857,0.9619734793961746,0.888599209363876
0.06,10.329999999335218,11.08046116191708,10.93137730006482,10.710924577679084,11.279121907643088,10.847587918055524,11.242589940929054,10.941171727349891,11.162276878809152,10.957973511883944,1.0000000000643545,0.9322716671309338,0.9449861363708255,0.9644358827366867,0.9158514363604908,0.9522854369132134,0.9188274280460291,0.944140194251578,0.9619971054531892,0.8886692450728517
0.0625,10.329999999335218,11.079957748013669,10.929567960820265,10.70632732997328,11.27854094714197,10.847210757640639,11.24203242180121,10.940744785396667,11.16172842461422,10.95754160137958,1.0000000000643545,0.9323140245595146,0.9451425744393955,0.9648500070682764,0.915898612099969,0.9523185481321709,0.9188729948836882,0.9441770375439277,0.9620207400036267,0.888739303332339
0.065,10.329999999335218,11.078992503469715,10.927070351466384,10.701212151821696,11.277430260854105,10.846485465607808,11.240965917091149,10.939924674290422,11.160678046635821,10.956712105540634,1.0000000000643545,0.9323952513520389,0.9453586064460308,0.9653112052583217,0.9159888166949878,0.9523822285803557,0.9189601744360701,0.9442478177456023,0.9620660088314573,0.8888738753558802
0.0675,10.329999999335218,11.078026766830504,10.92457356442972,10.696110218507144,11.276318759298123,10.845759987652496,11.23989863882483,10.939104257973488,11.15962706035206,10.955882266979664,1.0000000000643545,0.9324765337207683,0.9455746660569303,0.9657716486621768,0.9160791052915371,0.9524459338728065,0.9190474337836233,0.9443186349074686,0.9621113102724845,0.8890085335668246
0.07,10.329999999335218,11.077060537978282,10.922077601677492,10.691021485961489,11.275206441799282,10.845034323869704,11.23883058631496,10.938283536442253,11.158575465573852,10.955052085641645,1.0000000000643545,0.9325578717009856,0.9457907530718738,0.9662313384707392,0.9161694779888706,0.9525096640094423,0.919134773023307,0.9443894890440827,0.9621566443474783,0.8891432780212848
0.0725,10.329999999335218,11.076093816795897,10.919582465176896,10.685945910288739,11.274093307682744,10.844308474354742,11.237761758873944,10.937462509693432,11.157523262112989,10.954221561471863,1.0000000000643545,0.9326392653279523,0.9460068672902919,0.9666902758747803,0.9162599348863478,0.9525734189901545,0.919222192252196,0.9444603801699836,0.9622020110771878,0.8892781087753717
0.075,10.329999999335218,11.075126603166833,10.917088156895106,10.680883447764282,11.27297935627358,10.843582439203235,11.236692155899242,10.936641177724079,11.156470449782143,10.953390694415937,1.0000000000643545,0.9327207146369079,0.9462230085112661,0.9671484620649307,0.9163504760834323,0.9526371988148069,0.9193096915604981,0.9445313082996911,0.9622474104823414,0.8894130258851939
0.0775,10.329999999335218,11.073463199539118,10.91411911892967,10.67514923888846,11.27110667091845,10.842305574218955,11.234885908854913,10.935208925288041,11.15467590996279,10.951944082768417,1.0000000000643545,0.9328608235614977,0.9464804156373406,0.9676679706143012,0.9165027269818429,0.952749387968079,0.9194574901609178,0.9446550194492878,0.9623248094970283,0.8896480015583712
0.08,10.329999999335218,11.071797745522868,10.911153960617934,10.669382757345183,11.269230784879646,10.841027842423523,11.23307664082393,10.933775349824892,11.15287886237623,10.950496023385368,1.0000000000643545,0.9330011473680657,0.9467376262203323,0.9681909661445469,0.916655288829487,0.95286167973633,0.919605583608153,0.9447788773312814,0.9624023353915383,0.889883305659932
0.0825,10.329999999335218,11.070130238910759,10.908192675929737,10.663583841455825,11.267351691245779,10.839749244206287,11.231264355188731,10.932340450575419,11.15107930380297,10.949046515084618,1.0000000000643545,0.9331416864176313,0.9469946403490297,0.9687174737484614,0.9168081624740569,0.9529740741485564,0.919753971887203,0.9449028821139838,0.9624799883907978,0.89011893871142
0.085,10.329999999335218,11.068460677500092,10.905235260082321,10.657752330791126,11.265469383093079,10.838469779993028,11.229449040316787,10.930904226784115,11.14927723102912,10.9475955566868,1.0000000000643545,0.933282441071392,0.9472514580049528,0.9692475185556507,0.9169613487657243,0.9530865712305971,0.9199026562133619,0.9450270339656154,0.962557768719802,0.8903549012348384
0.0875,10.329999999335218,11.066789059092864,10.902281703208157,10.651888066254237,11.263583853485441,10.837189449984681,11.227630689560634,10.92946667769921,11.147472640846512,10.946143147015363,1.0000000000643545,0.9334234116907204,0.9475080796123848,0.9697811257260583,0.9171148485571446,0.9531991710281121,0.9200516373953015,0.9451513330543037,0.9626356766036126,0.8905911937526482
0.09,10.329999999335218,11.064991574855517,10.898334748839611,10.644528159394492,11.261500682531334,10.83584917477075,11.225632196825828,10.9279462824743,11.145511583780126,10.944604012270142,1.0000000000643545,0.9335750443293839,0.9478512303083622,0.9704516579143152,0.9172844979731465,0.9533170712685327,0.9202154336502243,0.9452828310994484,0.9627203609381995,0.8908416982445091
0.0925,10.329999999335218,11.063192521173027,10.894377893979149,10.637140269342558,11.259414850479722,10.834508330801789,11.223631171240118,10.926424926585035,11.143548580309929,10.943063788776934,1.0000000000643545,0.9337268587010644,0.9481954913376874,0.9711256727310656,0.917454426999808,0.953435050728836,0.9203794959397815,0.945414448862054,0.9628051517109549,0.8910924857569027
0.095,10.329999999335218,11.061391897629306,10.890411125905676,10.629724412554626,11.257326353679469,10.833166918739163,11.221627609096373,10.9249026101561,11.141583629708375,10.941522476366318,1.0000000000643545,0.9338788549941839,0.9485408659575219,0.9718031812564562,0.917624636210678,0.953553109398805,0.9205438248214892,0.9455461864160637,0.962890049029822,0.8913435566015879
0.0975,10.329999999335218,11.05958970381574,10.886434432165055,10.62228060938117,11.25523518848044,10.83182493924744,11.219621506678767,10.923379333315946,11.13961673125873,10.939980074872679,1.0000000000643545,0.9340310333968339,0.9488873574141947,0.9724841942959934,0.9177951261802683,0.9536712472679322,0.9207084208545541,0.9456780438351932,0.9629750530024408,0.8915949110902051
0.1,10.329999999335218,11.057785939331243,10.882447800577395,10.614808884151904,11.253141351233564,10.83048239299437,11.21761286026273,10.921855096196815,11.137647884255145,10.93843658413422,1.0000000000643545,0.93418339409677,0.9492349689425494,0.9731687223707695,0.9179658974840507,0.9537894643254208,0.9208732845998806,0.9458100211929281,0.9630601637361446,0.8918465495342718
0.1025,10.329999999335218,11.05504252671891,10.878275938747711,10.606887215069282,11.249779159711238,10.82872108883879,11.214419839550803,10.91961729976934,11.13458800758887,10.936160808689994,1.0000000000643545,0.9344152204782065,0.9495990043059316,0.9738955256660119,0.9182402475059034,0.9539445992978041,0.9211354798371604,0.9460038494406031,0.9631924830862043,0.8922177682267507
0.105,10.329999999335218,11.052299483439294,10.874116492376759,10.598949701557132,11.246416572749245,10.827014490073884,11.211226161911275,10.91737996200722,11.1315285630843,10.933885296423837,1.0000000000643545,0.934647130715053,0.94996223437939,0.9746248723571526,0.9185147938615595,0.9540949639875754,0.9213978784135914,0.9461977173963609,0.9633248382914993,0.8925891757702283
0.1075,10.329999999335218,11.049556812442857,10.86996940443751,10.590996475095835,11.243053593484003,10.82530724755478,11.208031829875246,10.915143084266758,11.128469554937903,10.931610048938124,1.0000000000643545,0.9348791245968737,0.9503246619795384,0.9753567593276464,0.9187895364998376,0.9542454328336354,0.9216604803409967,0.9463916249425819,0.9634572291847356,0.8929607720154683
0.11,10.329999999335218,11.046814516684126,10.865834618246383,10.583027670151852,11.239690225064008,10.82359935328708,11.204836846009826,10.912906667904718,11.125410987352646,10.929335067837131,1.0000000000643545,0.9351112019124144,0.9506862899103409,0.9760911831625002,0.919064475368241,0.9543960066170432,0.9219232856280843,0.9465855719614035,0.9635896555980459,0.8933325568123464
0.1125,10.329999999335218,11.044072599121689,10.86171207746042,10.575043423630055,11.236326470649885,10.821890813472194,11.20164121282584,10.910670714278313,11.12235286453798,10.927060354727015,1.0000000000643545,0.9353433624496024,0.9510471209632047,0.9768281401963321,0.9193396104129515,0.9545466848676907,0.9221862942880358,0.9467795583347215,0.9637221173629889,0.893704530009851
0.115,10.329999999335218,11.040205642252102,10.854252136317125,10.565738661028805,11.232005572323809,10.819270348636005,11.19746250817499,10.907326077380638,11.11819574630098,10.923681178964314,1.0000000000643545,0.9356709770392261,0.9517007593214981,0.9776883880444333,0.9196932759233674,0.9547778793883556,0.9225304387005826,0.9470698800709842,0.9639022694514718,0.8942575398871049
0.1175,10.329999999335218,11.036325630128342,10.846746883644332,10.55649048550955,11.227664608300785,10.816658702280897,11.193264909945887,10.903972907394158,11.11402272915886,10.92029273049586,1.0000000000643545,0.9359999284363153,0.952359275164471,0.9785449069631196,0.920048857922143,0.9550084073394796,0.9228763978257296,0.9473611212840655,0.9640832121798,0.8948125828290654
0.12,10.329999999335218,11.032432519424448,10.839196112610198,10.547298393369319,11.22330345745412,10.81405582747155,11.189048308686633,10.900611182188332,11.10983375111443,10.916894985476475,1.0000000000643545,0.9363302228962019,0.9530227050677857,0.9793977201303108,0.9204063704736756,0.9552382718200995,0.9232241844894252,0.9476532854303882,0.9642649494986628,0.8953696676292826
0.1225,10.329999999335218,11.028526266907527,10.831599610769214,10.53816188687742,11.218921997423934,10.811461671367942,11.18481258594086,10.897240884478471,11.105628750253732,10.913487920128526,1.0000000000643545,0.936661866689882,0.9536910863774449,0.9802468505312457,0.9207658278016333,0.9554674764613003,0.9235738123126581,0.9479463755558141,0.9644474853680105,0.8959288031080521
0.125,10.329999999335218,11.02460682944378,10.824926570603333,10.529080471902384,11.214520105457176,10.808876187868306,11.180557624796982,10.89386199650417,11.101407664755447,10.910071510744569,1.0000000000643545,0.9369948661036446,0.9542789904970462,0.9810923211733784,0.9211272442209317,0.9556960243095588,0.9239252948430265,0.9482403947576064,0.9646308237567329,0.8964899981121756
0.1275,10.329999999335218,11.019945357952661,10.818541388033076,10.517842344979545,11.20896843678519,10.805942888506221,11.17524992049222,10.8899844093789,11.096272745739766,10.906133741037856,1.0000000000643545,0.9373912178743469,0.9548422129647277,0.9821406008173144,0.9215834675829202,0.9559554503094349,0.9243641147620089,0.9485780338770163,0.964853994561821,0.8971374885139523
0.13,10.329999999335218,11.015277494250688,10.812154468776201,10.506583926299848,11.203404387603753,10.803013662853438,11.169930155408982,10.886103220966852,11.091129799057587,10.902191596958238,1.0000000000643545,0.9377884493052162,0.9554062541218231,0.9831930218671905,0.9220411620087416,0.9562146566119867,0.9248043502758833,0.9489162274434635,0.9650776695900778,0.8977864010960899
0.1325,10.329999999335218,11.010603250228778,10.805765863267016,10.495305667198206,11.197827940785219,10.800088499227694,11.164598306373072,10.882218440756782,11.085978840081486,10.898245085623012,1.0000000000643545,0.9381865611936716,0.9559711112301323,0.9842495614287016,0.9225003326203668,0.9564736437797422,0.9252460067554191,0.9492549755582392,0.9653018490808508,0.8984367380457686
0.135,10.329999999335218,11.005922638043884,10.7993756222958,10.4840080268212,11.192239079472264,10.797167390957767,11.159254350417216,10.878330078344671,11.080819884591556,10.894294214275826,1.0000000000643545,0.9385855543171419,0.9565367815036684,0.9853101956401404,0.9229609845402873,0.9567324119334297,0.9256890895773683,0.9495942783133394,0.965526533256987,0.8990885015354431
0.1375,10.329999999335218,11.001235670121119,10.792983797008585,10.472691474122664,11.18663778708348,10.794250331383438,11.153898264787129,10.874438143434148,11.075652948779064,10.890338990287498,1.0000000000643545,0.9389854294327894,0.9571032621083981,0.986374899473049,0.9234231228910812,0.9569909611940659,0.9261336041240238,0.9499341357913859,0.96575172232461,0.8997416937226027
0.14,10.329999999335218,10.995808221289904,10.785499420947636,10.459849807885051,11.179734770333019,10.791022092575561,11.14736877079061,10.870114297855181,11.069520826891042,10.885921446797198,1.0000000000643545,0.9394489056292581,0.957767424282369,0.9875858821809118,0.9239932978921908,0.9572772543119197,0.9266760804637272,0.9503119946069241,0.9660191813878888,0.9004720782921136
0.1425,10.329999999335218,10.990391655595005,10.777981759987334,10.446866058561795,11.172845107520336,10.787792694825951,11.140849943901717,10.865798140510787,11.063402508603795,10.881511131033289,1.0000000000643545,0.9399119088482337,0.958435468721014,0.9888132902339628,0.924563072394781,0.9575638216476371,0.9272183048883484,0.9506894814736915,0.9662862599785726,0.9012021553850011
0.145,10.329999999335218,10.984985951401482,10.77043074764196,10.433739367903524,11.165968775092718,10.78456214785375,11.134341773897875,10.861489653730088,11.057297964397872,10.877108028737826,1.0000000000643545,0.9403744388659944,0.9591074156678101,0.9900573165338354,0.9251324455646459,0.9578506626767214,0.9277602762487959,0.9510665966939846,0.9665529581938784,0.9019319244408857
0.1475,10.329999999335218,10.979591087111135,10.762846320655205,10.420468952520984,11.159105749555943,10.781330461423163,11.127844250646593,10.857188819896127,11.051207164794166,10.872712128437675,1.0000000000643545,0.9408364954616857,0.959783285224047,0.9913181496021733,0.9257014165683539,0.9581377768691837,0.9283019933892198,0.951443340569887,0.966819276133361,0.9026613844443989
0.15,10.329999999335218,10.974207041162403,10.755228419103103,10.407054091172096,11.152256007474204,10.778097645343413,11.121357364105007,10.852895621445679,11.045130080353895,10.868323418373938,1.0000000000643545,0.9412980784173208,0.960463097338981,0.992595974759326,0.9262699845732443,0.9584251636895303,0.9288434551470155,0.9518197134032672,0.96708521389891,0.9033905344328578
0.1525,10.329999999335216,10.966848277367266,10.745631706887687,10.39379196735072,11.143734694818903,10.773373818414601,11.113148740539794,10.846657652375995,11.037125901979811,10.861994143148758,1.0000000000643547,0.9419296901661751,0.9613208680303758,0.9938624933468837,0.9269782781891571,0.9588454066583343,0.9295295366935084,0.952367109856849,0.9674358178391831,0.9044436510399433
0.155,10.329999999335213,10.959453632224536,10.736052242003069,10.380511425160703,11.135153761573694,10.768651722990072,11.104883558181122,10.84039703065697,11.029077545973887,10.855639707478762,1.0000000000643552,0.9425652360648958,0.9621786264773885,0.9951340138176361,0.9276926229476778,0.9592658640771536,0.9302213702537876,0.9529171275541337,0.9677887416387128,0.9055028076158521
0.1575,10.32999999933521,10.952022990213331,10.726490105058065,10.367213351360531,11.126512715706097,10.76393138255599,11.096561329454413,10.834113724678582,11.020984847104982,10.849260049151518,1.0000000000643554,0.9432047402777398,0.9630363612724446,0.996410476943098,0.9284130853882236,0.9596865339313462,0.9309190201635101,0.9534697772711873,0.9681439996183444,0.9065680409972356
0.16,10.329999999335206,10.944556238495917,10.716945376420597,10.353898649544519,11.11781106325809,10.759212821378169,11.088181564080806,10.828133400204656,11.012847638972268,10.842855107569557,1.0000000000643559,0.9438482269080675,0.9638940609633083,0.9976918211822009,0.9291397327427491,0.9601074141292811,0.9316225514797783,0.9539963739091687,0.9685016062426455,0.9076393880284933
0.1625,10.329999999335202,10.937053267023712,10.707418136209599,10.340568239995635,11.109048308460144,10.754496063432082,11.079743769181839,10.822757930404673,11.00466575918225,10.836424821094392,1.000000000064356,0.9444957199894018,0.9647517140538976,0.9989779826649411,0.9298726329359054,0.9605285025975813,0.9323320299818447,0.9544702068018768,0.9688615758933146,0.9087168860075683
0.165,10.329999999335197,10.928997591567185,10.697212971200967,10.326412935870447,11.099006937194035,10.749474708110533,11.070181884030173,10.817180111111899,10.995661833462039,10.829796074440326,1.0000000000643565,0.9451919001218033,0.9656720893386364,1.000347367876128,0.9307138970589337,0.9609771900952484,0.9331373330823083,0.9549623741023371,0.9692581765108456,0.9098296488828449
0.1675,10.329999999335193,10.920946354750374,10.686909198446608,10.3137082352213,11.088963244963844,10.744436407830786,11.060615035019763,10.811577889734474,10.986663463876285,10.824123376758624,1.000000000064357,0.945888722867563,0.9666031411122603,1.0015796224216489,0.9315568797372888,0.9614278132328342,0.9339444476906109,0.9554572057246399,0.9696550193840685,0.9107835443247184
0.17,10.32999999933519,10.912899639368383,10.676505952521548,10.300885641997178,11.078917332466249,10.739381147880193,11.051043306879055,10.805951173214561,10.977670769236354,10.818424234152593,1.0000000000643574,0.9465861816170683,0.9675450045115451,1.0028263936728044,0.9324015777000537,0.9618803781853856,0.9347533724322463,0.9559547173973605,0.9700520993582576,0.9117433980734125
0.1725,10.329999999335184,10.904857528467868,10.666002378716998,10.28794489184041,11.068869301474043,10.734308914670436,11.041466785924824,10.800299875699118,10.968683869351196,10.812698526940661,1.0000000000643579,0.9472842696965859,0.9684978151338633,1.00408780457144,0.933247987545065,0.9623348910596495,0.9355641057733588,0.9564549242973058,0.9704494112084653,0.9127092546398909
0.175,10.329999999335179,10.896820105812132,10.65539763434087,10.274885782241403,11.058819254841584,10.729219695759996,11.031885560084138,10.79462390080793,10.959702884401796,10.806946135571918,1.0000000000643583,0.9479829803274625,0.9694617089378101,1.0053639737634703,0.9340961057372824,0.9627913578917804,0.936376646017457,0.9569578426189398,0.9708469496668628,0.9136811588381947
0.1775,10.329999999335175,10.88675638587673,10.64329464177023,10.262135515964173,11.046779134422986,10.722948189125988,11.02031517063522,10.787471103244153,10.948648979064618,10.799664757260452,1.0000000000643587,0.948859295997566,0.9705641295937927,1.0066130956787944,0.9351141970251381,0.9633544635117726,0.9373597614998673,0.9575923681402422,0.9713369161896918,0.9149136231927633
0.18,10.32999999933517,10.876644975707704,10.63117611323404,10.24931436504746,11.034651560034723,10.71667642976136,11.008660636030204,10.780313632066271,10.937535972866641,10.792376645750307,1.0000000000643592,0.9497413975606817,0.9716704802905931,1.007872295851096,0.9361419292488737,0.9639182509338886,0.9383521158051672,0.9582281511062161,0.9718302509168514,0.9161497260792056
0.1825,10.329999999335165,10.866485887670274,10.619042498440693,10.236422929996465,11.022435939902826,10.710404488716899,10.996921319943947,10.773151552530742,10.926363874292152,10.785081864164416,1.0000000000643596,0.9506293117005746,0.9727807381425267,1.009141579108589,0.9371794090092096,0.9644827149975854,0.9393538154415615,0.9588651890424174,0.9723269673685513,0.917389470457168
0.185,10.32999999933516,10.856279139814754,10.606894255499594,10.223461857671918,11.010131688660604,10.704132437357577,10.985096590457854,10.765984930519707,10.91513270675857,10.77778047645416,1.0000000000643603,0.9515230648515054,0.9738948792332849,1.0104209458411715,0.9382267435219622,0.9650478504869905,0.9403649676574624,0.959503479399849,0.9728270785292301,0.9186328591246072
0.1875,10.329999999335154,10.846024767738374,10.594731850932101,10.210431842435423,10.997738227984739,10.697860347358647,10.973185820729189,10.758813832542415,10.903842509100771,10.77047254740314,1.0000000000643607,0.9524226821541755,0.9750128786026038,1.0117103918237467,0.9392840405779419,0.9656136521309636,0.9413856803997467,0.9601430195543145,0.9733305968219405,0.9198798947153103
0.19,10.329999999335145,10.834999979630886,10.582447030241502,10.196488826038385,10.984364904698742,10.691186435142642,10.96033502412334,10.75116038548809,10.89169244559729,10.762667317944413,1.0000000000643616,0.9533917876714115,0.9761447395370765,1.0130938381083372,0.9404276068415366,0.9662164309514425,0.9424894382574993,0.9608265182187616,0.9738733376481061,0.921214596775769
0.1925,10.32999999933514,10.825006272982348,10.570119883755009,10.182422426170113,10.970890375732136,10.684516121690518,10.94738634179615,10.74350664989665,10.879476808930828,10.75485963939624,1.000000000064362,0.9542719643296826,0.977283144713993,1.0144933658861564,0.9415826470065001,0.9668196371597194,0.9436042245591512,0.9615110165263753,0.974419923920023,0.9225526259950425
0.195,10.329999999335133,10.815892127321051,10.557750856386381,10.168233025796116,10.957314013456058,10.677849481150444,10.934339077127884,10.735852702177155,10.86719573254534,10.747049599489571,1.0000000000643627,0.9550760934372041,0.9784280895159962,1.0159090545814098,0.9427492894074507,0.9674232642289534,0.9447301686123836,0.9621965098221913,0.9749703670494644,0.9238939784864646
0.1975,10.329999999335127,10.806775010032244,10.54534041212785,10.153921103787368,10.943635203730425,10.671186587758884,10.9211925448541,10.728198619182727,10.854849373915675,10.739237278290494,1.0000000000643634,0.9558818417530077,0.9795795674950243,1.0173409754136218,0.9439276627640832,0.9680273055903394,0.9458674002471774,0.9628829933787094,0.9755246775011805,0.9252386515999078
0.2,10.32999999933512,10.797655060162512,10.53288903434453,10.13948724822526,10.929853346986608,10.66452751583514,10.907946072282966,10.72054447820922,10.84243790742564,10.731422758174034,1.000000000064364,0.9566892017241867,0.9807375703206432,1.018789189937399,0.9451178961013242,0.9686317546334406,0.9470160497262153,0.9635704623955389,0.9760828651050998,0.9265866422130629
0.2025,10.329999999335113,10.788425013538241,10.519127830892717,10.12464259404204,10.915673441636907,10.65747270683712,10.894400824981593,10.712584915398049,10.830009616669466,10.723325082869588,1.0000000000643647,0.9575076980223741,0.9820205787083142,1.0202829289084046,0.946345642825581,0.9692729490522611,0.9481934955351207,0.9642864053429225,0.9766427705780646,0.927986586860214
0.205,10.329999999335104,10.77912896374815,10.505283934209613,10.109754949304884,10.901503630734874,10.650388127550736,10.880858901528928,10.704580411854758,10.820008434292836,10.715178279081712,1.0000000000643656,0.9583334641176816,0.9833146885598386,1.0217853995274395,0.9475757060591514,0.9699177040579444,0.9493735828656391,0.9650074643336856,0.9770940329993,0.9293982290082567
0.2075,10.329999999335095,10.769766521540221,10.491357781688626,10.094825955015574,10.887344224379065,10.643273795859876,10.867320621432965,10.696530795141141,10.809930579177813,10.70698210138271,1.0000000000643663,0.9591665686845986,0.9846199333731372,1.0232964932761006,0.9488080644009534,0.9705660305401769,0.9505562925627464,0.9657336755102284,0.9775493882885142,0.9308216793443018
0.21,10.329999999335088,10.760337304056769,10.477349858396499,10.079857314138867,10.873195535511048,10.636129734326932,10.853786318889858,10.688435896790626,10.79977364654158,10.698736307793713,1.0000000000643672,0.960007080456992,0.9859363426450426,1.0248160939252844,0.9500426959363498,0.9712179390461051,0.9517416039434771,0.9664650749415776,0.9780089613421974,0.9322570490956419
0.2125,10.32999999933508,10.750840935297283,10.46326069854666,10.064850780066076,10.85905787985574,10.628955970294857,10.840256321657153,10.68029555248831,10.789537143566443,10.690440659997428,1.000000000064368,0.9608550681914031,0.9872639416730609,1.0263440785887323,0.9512795782369687,0.9718734397686508,0.9529294966358185,0.9672016986077976,0.9784727911652212,0.9337044500024471
0.215,10.329999999335069,10.740281548653103,10.448589005173668,10.050667981650145,10.843315566666796,10.621109717405673,10.826098826264419,10.671329413200496,10.778094573415698,10.68128911240435,1.000000000064369,0.9617997399049045,0.9886502373559772,1.0277923834375826,0.9526606448451277,0.9725914028617361,0.9541756606672692,0.9680143494794314,0.9789920514773787,0.9353050997291797
0.2175,10.32999999933506,10.72966595880837,10.433727237420221,10.036354209622566,10.828030821837222,10.61324156648207,10.813862158120415,10.662326430079464,10.766585137465585,10.672096035957622,1.0000000000643698,0.9627513139418594,0.9900584675964876,1.0292582131164618,0.9540054115072496,0.9733124357240126,0.9552553795262622,0.9688317148927332,0.9795151809798944,0.9369171606792823
0.22,10.329999999335051,10.718994130043608,10.418673936536866,10.021910290435763,10.815328620689458,10.605351665969874,10.801530514108153,10.653286625959586,10.755008794942933,10.662861399181688,1.0000000000643707,0.9637098289891474,0.9914889421554984,1.0307416151847075,0.9551258553752092,0.9740365360204497,0.9563459536134925,0.9696538132024147,0.9800421983822383,0.9385407091700178
0.2225,10.329999999335037,10.708266039035841,10.403427742242819,10.007337194509972,10.802528298382521,10.597440169108356,10.78910317321477,10.644210029579911,10.743365523082367,10.653585176954273,1.000000000064372,0.9646753230021637,0.9929419664304805,1.032242623508983,0.9562576199450203,0.9747637009654515,0.9574475129355936,0.970480662378257,0.9805731217563185,0.9401758211644319
0.225,10.329999999335026,10.697481675289158,10.387987416971747,9.992636042050892,10.7896291654527,10.589507233974265,10.776579423379294,10.635096675725665,10.731655317803167,10.644267350700373,1.0000000000643732,0.9656478331588988,0.9944178391208861,1.0337612574429227,0.957400837563131,0.9754939273149851,0.9585601881789633,0.9713122799887621,0.981107968500754,0.9418225722310448
0.2275,10.329999999335016,10.685690649087007,10.372923685313923,9.978054726515154,10.775469158121389,10.58087014132655,10.762833747369365,10.625154048034108,10.71883878993682,10.634095670648378,1.0000000000643743,0.9667133683008688,0.9958619491846167,1.0352719325691415,0.9586589547439202,0.9762902164022687,0.9597844064556738,0.9722211982339477,0.9816943492321301,0.9436251701836142
0.23,10.329999999335005,10.673837430892666,10.35778030403876,9.963374848006163,10.761196971429973,10.572210338293356,10.748978297649922,10.615171090795867,10.705948326575536,10.62387795716768,1.0000000000643752,0.96778689640733,0.9973179288203354,1.0367972858179881,0.9599303894748175,0.9770899054650802,0.9610215700461947,0.9731355162948687,0.9822851744348635,0.9454411413759971
0.2325,10.329999999334992,10.661922116311926,10.34255841179674,9.948598195167587,10.746811903011421,10.563528050098084,10.735012341716134,10.605147900407257,10.692984074285175,10.613614247963223,1.0000000000643765,0.9688684542345222,0.9987857538438055,1.038337240820287,0.9612152974507143,0.9778929871733605,0.9622718326887935,0.9740552509978017,0.9828804589313936,0.9472705700004856
0.235,10.329999999334978,10.649944820584603,10.3277058870327,9.933726687376751,10.732313269235142,10.554823523364519,10.720935167864694,10.595084582028942,10.679946208523194,10.60330459061975,1.0000000000643778,0.9699580771567754,1.0002221319034832,1.0398917068180276,0.9625138347024961,0.9786994521635685,0.9635353482001741,0.9749804185160946,0.9834802163949314,0.9491135393676813
0.2375,10.329999999334964,10.637905679205858,10.314782540132315,9.918762377161627,10.717700406741008,10.54609699559865,10.706746087169819,10.584981249779384,10.666834934613865,10.592949042882505,1.0000000000643792,0.9710557990932626,1.001475305931897,1.0414605781650002,0.9638261574752397,0.979509291855666,0.9648122703104649,0.9759110343455075,0.9840844592935978,0.9509701318396976
0.24,10.32999999933495,10.625932669130489,10.301842016392815,9.904769834197497,10.703174095574528,10.537411613826935,10.692633856555652,10.574925226269661,10.653804278718521,10.582640154758945,1.0000000000643805,0.9721499581876512,1.0027332960030235,1.0429318573698039,0.965134259029868,0.9803166449761939,0.9660856378867475,0.9768390583357289,0.9846860916772613,0.9528237750665309
0.2425,10.329999999334936,10.613888030907772,10.288754246729589,9.890766793565955,10.68851761233438,10.528699418573485,10.678394700344297,10.564822368517238,10.640688624443879,10.572278130052545,1.000000000064382,0.9732531537848256,1.0040088189766534,1.044408407922404,0.9664576861509162,0.9811278287398953,0.9673738693763525,0.9777731834643052,0.9852927641199649,0.9546924398506276
0.245,10.32999999933492,10.601771818580154,10.275518281381203,9.876755106119441,10.673730005062398,10.519960646486934,10.66402765359165,10.554672745858067,10.62748807440853,10.561862967543428,1.0000000000643834,0.9743654340773625,1.0053020896004357,1.0458900609573418,0.9677966367053157,0.981942836777591,0.968677157970502,0.9787134332567314,0.9859044971084306,0.9565762324205619
0.2475,10.329999999334904,10.589584111012728,10.262133240738384,9.862736641682089,10.658810330669061,10.511195542177434,10.649531779408218,10.544476438544121,10.614202783996582,10.551394678253793,1.0000000000643852,0.9754868455369488,1.006613318855791,1.0473766435517657,0.9691513104682086,0.9827616619393708,0.96999569689758,0.9796598304530201,0.9865213089335,0.9584752579915283
0.25,10.329999999334886,10.577325012783307,10.2485983206086,9.848713313758042,10.643757677225036,10.50240435828678,10.634906171935507,10.534233537990472,10.600832932455695,10.540873285847184,1.0000000000643867,0.9766174328117553,1.007942713417474,1.0488679760400408,0.9705219071365747,0.9835842962806182,0.9713296791710184,0.9806123969765881,0.9871432170150171,0.9603896206740462
0.2525,10.329999999334868,10.563909837610783,10.23523057398576,9.83510981500256,10.62736498272493,10.492731039476668,10.618960590697464,10.522983992021258,10.586235272058959,10.529320529875477,1.0000000000643885,0.9778576453977301,1.0092591393353767,1.0503187248852606,0.9720189357184678,0.9844910692112068,0.9727882415393271,0.981660715993906,0.9878235824571979,0.9624982531701063
0.255,10.329999999334849,10.5503657927917,10.221738682046192,9.82241717764176,10.610744295708823,10.483005201943026,10.602794790421083,10.51164870099096,10.571484660816964,10.517672316038675,1.0000000000643903,0.9791129713301258,1.0105912821019347,1.0516759584915232,0.973541507750558,0.9854044523497264,0.9742714259953863,0.9827192949309811,0.9885125075630756,0.9646313475241441
0.2575,10.329999999334829,10.536692294547334,10.208122606467928,9.81020926299613,10.59389235504811,10.47322705262453,10.586405638769177,10.500227402588338,10.556580422629636,10.50592820053967,1.0000000000643923,0.9803835692673405,1.0119392564363254,1.0529846737280628,0.9750901419229202,0.9863244583637059,0.9757797266118186,0.9837882175250438,0.9892100738563578,0.9667891909234784
0.26,10.32999999933481,10.522888804574901,10.194382392106588,9.79787961366791,10.576805922001945,10.463396818528068,10.569790038579445,10.488719853449972,10.541521963176567,10.494087762213367,1.000000000064394,0.9816695958536555,1.0133031705773976,1.0543097493859581,0.9766653634545249,0.9872510982005525,0.9773136422100895,0.9848675667128469,0.9899163600997541,0.9689720706495045
0.2625,10.329999999229313,10.508954853838938,10.180518171444728,9.785428772096562,10.559481788160458,10.453514747184219,10.5529449379574,10.477125848787185,10.526308775599578,10.482150616427994,1.0000000000746068,0.9829712034804713,1.0146831257543014,1.0556512382427534,0.9782677035896062,0.988184381026727,0.978873675616794,0.9859574227788611,0.9906314420063823,0.9711802715133404
0.265,10.329999998948496,10.496170106406565,10.167625055306567,9.773275118503397,10.543456112327771,10.444520302377812,10.537371864265927,10.466532477410489,10.512321261869765,10.471232862407573,1.0000000001017915,0.9841685010130373,1.0159698005984876,1.056964003851951,0.9797546354768631,0.989035369833908,0.9803203429719358,0.9869553285479062,0.9912902814919606,0.9732065152382656
0.2675,10.329999998567121,10.48330355529013,10.15456436953107,9.761053239630195,10.527271322560047,10.43549634250832,10.521644340035435,10.455885496622493,10.498237287997275,10.46025393282509,1.0000000001387106,0.9853764078773843,1.0172765294585486,1.0582874354234502,0.9812609254083446,0.989890625319029,0.9817857044163507,0.9879603218050583,0.9919549943723787,0.9752505140083997
0.27,10.32999999804894,10.470355432949614,10.141334900215602,9.748764512716585,10.510926392908672,10.426443178557163,10.505761440646536,10.445185038291042,10.484057272298152,10.449213887802633,1.0000000001888734,0.9865949695931123,1.018603576515394,1.059621451161861,0.9827868271410658,0.9907501362731727,0.9832699950746532,0.9889724272122721,0.992625592790832,0.9773123911022712
0.2725,10.330000002344288,10.457326007180624,10.127935548417518,9.7364103936804,10.494420354708813,10.417361132177508,10.489722315065933,10.434431250599555,10.469781685475747,10.438112806615493,0.9999999997730602,0.9878242289574605,1.019951198407266,1.0609659599707177,0.9843325930207247,0.9916138904018924,0.9847734467826159,0.9899916681521522,0.9933020866389896,0.9793922677144378
0.275,10.330000001384873,10.444215600528986,10.114365310424093,9.723992418064235,10.477752301507572,10.408250535626435,10.473526192917557,10.423624298475055,10.455411063851646,10.42695078830799,0.9999999998659368,0.989064224169865,1.021319646162441,1.06232086121437,0.985898473522197,0.9924818743208966,0.9862962873941525,0.9910180666729564,0.9939844829031248,0.9814902627999608
0.2775,10.33000000007652,10.431003945621054,10.100817507404601,9.71276398242254,10.460957938885167,10.399061989328237,10.457200157323838,10.41272312655129,10.440941166681636,10.415689368542186,0.9999999999925924,0.9903169487666185,1.0226894993823414,1.0635489566815883,0.9874812670454994,0.9933588251133507,0.9878361171814474,0.9920555722508019,0.9946730163048386,0.9836137802512371
0.28,10.330000000000283,10.417668435755937,10.087222955832901,9.701430952438006,10.44392810179835,10.38982501525567,10.440648038663188,10.401739778068174,10.426324911077364,10.404335798893513,0.9999999999999727,0.9915846394712432,1.0240677781417247,1.0647913746583983,0.9890914509667359,0.9942419612295851,0.9894021866982355,0.9931030981740733,0.9953699686605277,0.9857616580154404
0.2825,10.330000000000451,10.404208779033103,10.073582923557238,9.689994044397245,10.426659878447598,10.380539849483823,10.423867251234427,10.390674080003194,10.411562110016755,10.392889746996405,0.9999999999999563,0.9928674269606498,1.0254544066781965,1.0660481268275708,0.9907295452643087,0.9951312889101489,0.990994968664503,0.9941607176265916,0.9960753980409375,0.9879341610622125
0.285,10.330000000000721,10.390624749580892,10.059898724613916,9.678454089152853,10.409150427733515,10.371206742187427,10.406855306887326,10.379525885520618,10.396652671227159,10.381350917380288,0.9999999999999301,0.9941654374937043,1.0268493036341626,1.0673192128459204,0.9923960722555578,0.9960268131557143,0.9926149346156025,0.9952285021428864,0.9967893588308098,0.9901315512389035
0.2875,10.33000000000067,10.376916191317582,10.046171719401613,9.666812036305625,10.391396999355104,10.361825974146186,10.389609842998222,10.36829507515771,10.38159661464266,10.369719045538362,0.9999999999999352,0.9954787924993713,1.028252381954635,1.068604619724025,0.9940915548353206,0.9969285361262008,0.994262552309566,0.9963065214791714,0.9975119008539756,0.9923540883595261
0.29,10.330000000000258,10.363811896049258,10.032904059296968,9.656269320886604,10.374311895885672,10.352912759020025,10.373021392959576,10.357590313843353,10.367185721919252,10.358622746343976,0.9999999999999749,0.9967375038848257,1.0296121580498647,1.0697713223114138,0.9957286906032539,0.9977868297016159,0.9958525687618098,0.9973362227113313,0.9982049551383155,0.9944812737882412
0.2925,10.32999999814101,10.350663918129982,10.019573631826693,9.64563163942934,10.357120033904884,10.34398857534882,10.356329649566623,10.346856639609543,10.352726070675065,10.347491383004236,1.0000000001799603,0.9980036142325336,1.0309819938033344,1.0709511192375527,0.9973815081976356,0.9986476613690239,0.9974576273199526,0.9983708443833064,0.998901808269286,0.9966220606223625
0.295,10.329999999873118,10.337473083976597,10.006181712022634,9.634899733991245,10.339822095474714,10.33505379793209,10.339535579200804,10.336094439811916,10.338218890986626,10.33632535786523,1.0000000000122828,0.9992770879386199,1.0323618236503034,1.0721440061858132,0.9990500711342982,0.9995110041968913,0.999077755559932,0.9994103730526647,0.9996024206283055,0.998776466058953
0.2975,10.338576209684582,10.327819451472836,9.992729637861657,9.624074449483718,10.325470389026137,10.330748736652254,10.324867440038078,10.330147217117883,10.327622578012061,10.328129281536487,0.9991704651094464,1.0002111334863482,1.0337515748310104,1.0733499677523954,1.0004386832563752,0.9999275234863086,1.000497106620664,0.9999857487880097,1.0001150935350758,1.0003622897879607
0.3,10.358443544827152,10.322919824321518,9.979218810946017,9.613156737030918,10.315046668905056,10.332683502993541,10.313044881042908,10.330652327996127,10.322278798846279,10.323928075153141,0.9972540715500298,1.0006858694825664,1.0351511672105251,1.0745689769321793,1.001449661991353,0.9997402898295722,1.001644045880985,0.9999368551011676,1.000373936703017,1.0011766278060954
0.3025,10.378516406591636,10.318309501439735,9.966090316421718,9.60265063708431,10.30479467936077,10.335010895730019,10.30137809033946,10.331500394423458,10.317250151479048,10.319975469986899,0.9953253042447548,1.0011329858402322,1.036514788851416,1.0757446449323849,1.0024459798980483,0.9995151533190845,1.0027784544368274,0.9998547747794438,1.0006176990847726,1.0019436865549978
0.305,10.398796797720172,10.313890358576062,9.95287865368854,9.592124017765176,10.294587223903305,10.337649767840979,10.28974885812002,10.332592244489732,10.312429522934172,10.316187446723776,0.9933841578926463,1.001561936462757,1.0378906806194907,1.0769251920500855,1.0034399413329045,0.9992600089950061,1.0039117710679806,0.9997491196373193,1.0008515451758064,1.0026796334017618
0.3075,10.41928674825798,10.30967084699323,9.939585081577352,9.581578202442264,10.284431899837363,10.340605979456173,10.278169123204414,10.333933806529036,10.307826358854586,10.312570977922556,0.9914306276029011,1.0019718527689658,1.0392787943579525,1.0781104930466434,1.0044307843745222,0.9989743367577062,1.0050428122143438,0.9996193311663608,1.0010749952752769,1.0033830070687793
0.31,10.43998831610342,10.305659602347127,9.933334497498453,9.571014540691944,10.274336696625701,10.34388537387647,10.266651600227597,10.335531082966986,10.303450291492972,10.309133192606076,0.9894647088892076,1.0023618476247098,1.039932764028176,1.0793004185795736,1.0054177028666562,0.9986576249277145,1.0061703077341204,0.9994648477255222,1.0012875603112283,1.0040523146511138
0.3125,10.460903587569543,10.301865429824671,9.929942953209311,9.560434407497867,10.264310008964696,10.34749377507077,10.255209789839153,10.337390149120937,10.299311134504514,10.305881389436356,0.9874863976640513,1.002731017053851,1.0402879501600149,1.0804948352449961,1.0063998447998874,0.998309370805043,1.0072928990916354,0.9992851049428986,1.0014887422169245,1.0046860296093527
0.315,10.482034677957166,10.298567962037088,9.927910424071767,9.551247395490673,10.254749572144188,10.351649380941245,10.24423921736792,10.339770059516644,10.29571697172767,10.303051477616181,0.9854956902330344,1.003052078510214,1.0405009270584578,1.0815341255715971,1.0073381048777847,0.9979086056584274,1.0083716106986924,0.9990550989567074,1.0016635333209416,1.005238014298609
0.3175,10.503383732139653,10.295511464367017,9.926216618009654,9.542041529352424,10.245300413836585,10.356150693184526,10.233399574299035,10.342428666336433,10.292386686170731,10.300426905088543,0.9834925832892203,1.003349861320863,1.0406784777654097,1.082577556199449,1.0082671647235475,0.997474863589834,1.0094397199092642,0.99879828358141,1.0018255732783292,1.0057503534910326
0.32,10.524952925160958,10.29270440863949,9.924875139759969,9.532817795729919,10.23597178667682,10.361004118252588,10.222706088410607,10.345372968074878,10.289329585922719,10.298014844379402,0.9814770739073898,1.0036234977591705,1.0408191392370332,1.0836250331593633,1.0091860563200814,0.9970076145228077,1.0104956467163848,0.9985140247604105,1.0019743902505944,1.0062215540195465
0.3225,10.54674446284525,10.290155385513666,9.923899732366118,9.530218698719176,10.22677331433875,10.366216041701973,10.212174683848456,10.348610051898849,10.286555084471448,10.295822599020902,0.9794491595383948,1.0038721100890688,1.0409214400171147,1.0839205611712048,1.0100937688250622,0.9965063392894494,1.0115377301896233,0.9982016858490639,1.0021095079818232,1.0066501005208042
0.325,10.5687605824199,10.287873099637094,9.923304258665567,9.535994920623182,10.217714998441126,10.371792825763535,10.201821976557369,10.352147091907067,10.284072693070271,10.293857601786057,0.9774088380034784,1.0040948114304007,1.0409839032174475,1.0832639998223625,1.010989247750207,0.9959705302192576,1.0125642285992806,0.9978606281662689,1.0022304463493732,1.0070344566168674
0.3275,10.59100355315158,10.286715547809004,9.924217790538753,9.543000322804943,10.20971790353023,10.378505387718683,10.192490761217092,10.356946142799318,10.282810120244426,10.292865436959971,0.9753561074886136,1.0042078010216016,1.0408880798492854,1.0824687887010085,1.0117811380888575,0.9953263609829521,1.0134912301619283,0.9973982540386143,1.0022919737952636,1.0072286090281874
0.33,10.613475676995957,10.285836588306458,9.925529919419747,9.550491642346579,10.201850986550536,10.385595734993434,10.183336227589717,10.362064326987799,10.28185192874846,10.292111473668665,0.9732909665388527,1.0042936139724163,1.0407504771900278,1.0816197099421674,1.0125613492706773,0.9946468419903821,1.0144023303495497,0.9969056043297967,1.0023386757550967,1.0073761863674064
0.3325,10.636179289261289,10.28524629844727,9.927250233195938,9.55847939199212,10.19412574947526,10.393070344421313,10.174377443580676,10.367509287245838,10.281209154283271,10.29160428854957,0.9712134140526928,1.0043512522942195,1.040570123381931,1.0807158310823206,1.0133286810329698,0.9939315002851716,1.0152955359954245,0.9963820348546027,1.002370008044273,1.0074754787199536
0.335,10.659116759286313,10.284954901024603,9.929388262269493,9.566974014543968,10.186554204177202,10.400935672410872,10.165634299641576,10.373288756542479,10.28089296335024,10.291352617135054,0.969123449276453,1.0043797079723618,1.0403460643444455,1.0797562514851675,1.0140818762603723,0.9931798758645308,1.0161687599134093,0.9958269014236033,1.002385421971466,1.0075247542405825
0.3375,10.682290491132783,10.284972756764008,9.931953469767816,9.575985878284612,10.179148881506075,10.409198153581519,10.157127456536056,10.37941056275516,10.280914642680283,10.29136535053865,0.9670210717986734,1.0043779642689261,1.040077365590144,1.0787401037657396,1.0148196200144002,0.9923915221506021,1.0170198261470769,0.9952395598520344,1.002384365107529,1.007522261041487
0.34,10.705702924293032,10.286526826926233,9.936301122649242,9.586028902733526,10.17332901818452,10.418784951273297,10.150161640701603,10.387103955844275,10.28260625104354,10.292701947306393,0.964906281544531,1.0042262246339524,1.0396222771926007,1.0776099367960725,1.0154001685717071,0.9914783775950338,1.0177177827964092,0.9945024179899399,1.0023019097709271,1.007260606994325
0.3425,10.729356534412975,10.288413545758099,9.941110674040067,9.596552287967631,10.167692953300708,10.428756206885064,10.143457522627012,10.39513547132373,10.284661325491548,10.294322889061338,0.9627790787702794,1.004042066744007,1.0391193035377293,1.0764282515244545,1.0159630161379531,0.9905303945239545,1.018390423280905,0.99373404305279,1.0022017651046964,1.0069434259129764
0.345,10.753253834035828,10.290644149448918,9.946394454516744,9.607562498118103,10.162254656822457,10.43911710173732,10.137037504095256,10.403511571233798,10.287092081276638,10.29623785924333,0.9606394640572735,1.003824430228033,1.0385672966457768,1.075194671075354,1.0165067053367853,0.9895472863582341,1.0190353933115852,0.9929339655432248,1.0020833520660943,1.0065689032289986
0.3475,10.777397373335958,10.29323001380738,9.952164771232221,9.619065907955282,10.157028686828728,10.449872799987512,10.130924702478204,10.412238773425,10.289910854170241,10.29845670291555,0.9584874383083571,1.003572249541038,1.0379651299443868,1.073908849242498,1.017029715924262,0.9885287790309127,1.0196502593167136,0.9921017203682558,1.0019460895135222,1.0061352113649702
0.35,10.801789740925612,10.29618264486671,9.958433895853075,9.631068804603984,10.15203019468599,10.461028449089072,10.12514289861083,10.421323650123785,10.29313008840175,10.300989421685468,0.9563230027392494,1.003284455637561,1.0373117006180714,1.072570470585975,1.01753046453774,0.9874746111506386,1.0202325145867597,0.9912368473343882,1.0017893951280692,1.0056405124270795
0.3525,10.826433564617982,10.300482408910389,9.96550539683577,9.645818081285176,10.148610961258973,10.473310874380006,10.120956205816244,10.431721549111812,10.297819049424014,10.304676474070948,0.9541461588754044,1.002865651327561,1.0365756264885435,1.0709304190633944,1.0178732872344263,0.9863165644466283,1.020654549820463,0.9902488243543587,1.0015612940979854,1.0049209971820672
0.355,10.851331512241075,10.305168383879225,9.973060839735446,9.661102754401195,10.14546147430237,10.485992892840992,10.11715049507606,10.442482938748507,10.302929092916122,10.308694858298752,0.9519569085459259,1.0024096274020733,1.0357903321758963,1.0692361175119562,1.0181892687843772,0.9851236888642667,1.0210384836152762,0.9892283339692018,1.0013128862669298,1.0041377027509355
0.3575,10.876486292462332,10.31025152799377,9.981108661875492,9.676930630490109,10.142597358195278,10.499079351161633,10.113748963913629,10.453614118991485,10.308471903601802,10.313054323828654,0.9497552538781702,1.0019154209722827,1.034955168803758,1.067487243057442,1.0184767900357692,0.9838957926208143,1.0213818868609421,0.9881749873694964,1.0010436497553763,1.0032889573937578
0.36,10.901900655631817,10.315742868509231,9.989657196365325,9.693309516503566,10.140034730321736,10.512575089696151,10.110775106311735,10.465121440351108,10.314459213287877,10.317764736785854,0.9475411972923843,1.0013820751130091,1.0340695177967174,1.065683498748536,1.0187341833366912,0.9826326957821114,1.0216823034221594,0.9870884020676425,1.0007530660102608,1.0023730949649379
0.3625,10.927577394644514,10.321653503563706,9.998714668610884,9.710247227889836,10.13779019302601,10.526484945878655,10.10825263627492,10.477011303566853,10.320902789375667,10.32283607917868,0.9453147414963742,1.00080863947171,1.0331327918006428,1.0638246130675342,1.0189597341545118,0.9813342300978084,1.0219372597524234,0.985968202256611,1.0004406207015863,1.001388456932313
0.365,10.953519345822226,10.327765623774596,10.010900301618857,9.72854482987637,10.136638669921526,10.540907271722785,10.107034441663597,10.48932370043594,10.327565825403928,10.328080712516112,0.9430758894802115,1.0002163465271,1.0318752248815763,1.061823754800056,1.019075488075967,0.9799915447232357,1.0220604332184013,0.9848108700821848,1.0001178414750538,1.000371698453913
0.3675,10.979729389815654,10.33494893556287,10.023572353157071,9.747404186606154,10.135850254565966,10.55579177858564,10.10631674802431,10.502075732918959,10.335466877764835,10.334160684351518,0.9408246445109736,0.9995211456201936,1.030570702345099,1.0597693295815502,1.0191547566862065,0.9786096786179792,1.0221330141883211,0.9836150740772528,0.9997354932806576,0.9991949328247611
0.37,11.006210452527176,10.342986323750267,10.03673740301424,9.766832919780114,10.135436165222806,10.571144696681994,10.106114689577382,10.515276122914967,10.344342062370613,10.34092230219187,0.9385610101275222,0.9987444318938675,1.0292189169856818,1.0576611768467281,1.01919639486703,0.9771884026185279,1.0221534503911296,0.9823802893286644,0.9993065273304413,0.9978886730431088
0.3725,11.03296550605495,10.351538282831129,10.050401976317367,9.7868387190589,10.13540774135726,10.58697225933501,10.106443110391316,10.528933684416756,10.35378094722595,10.348122751636593,0.9362849901353215,0.9979193157342756,1.0278195861560038,1.0554991551953694,1.0191992531142788,0.9757275023453068,1.0221202343066498,0.9811059989188471,0.998850921306351,0.9965004507948123
0.375,11.059997569658888,10.36061569628927,10.064572544888545,9.80742935473391,10.135776434550657,10.603280710614937,10.107316522537722,10.543057324358077,10.363794810727986,10.355772240759993,0.9339965886012936,0.997044992577011,1.0263724518778752,1.0532831414190968,1.0191621793064887,0.9742267777234874,1.022031908960774,0.979791694401031,0.9983682422156852,0.9950288263038558
0.3775,11.087309710245018,10.371391860153265,10.079236575135553,9.829132902887245,10.137265978291762,10.62037660842691,10.109284802186657,10.558217985650844,10.375666009408253,10.364873770860857,0.9316958098910829,0.9960090351698799,1.0248792081617626,1.050957404082473,1.0190124262420426,0.9726585394159654,1.0218329191562199,0.9783848007342714,0.9977969429987282,0.993282098115289
0.38,11.114905043799453,10.382645521202011,10.094460832502431,9.852647667920639,10.1391824759847,10.637896975180693,10.111832060546918,10.57378309348837,10.388050887572083,10.374394400973284,0.9293826586276308,0.9949294694599268,1.0233335065047926,1.0484491426232139,1.0188198135764164,0.9710565936200504,1.0215755105649253,0.976944572124002,0.9972019671386929,0.9914598554141973
0.3825,11.142786743702993,10.3943833458366,10.110253416214977,9.876654689892526,10.141541894051207,10.65584613017413,10.114976546970599,10.589758486026309,10.40095574454772,10.384341267076945,0.9270571390803728,0.9938059484921357,1.0217350223321395,1.045900694551103,1.0185827863176642,0.9694209050887634,1.0212579289759993,0.9754707827974479,0.9965831421363905,0.9895613825213287
0.385,11.170958017828447,10.406611946669775,10.126622384815628,9.90110232401208,10.144360378838035,10.674228412771033,10.118736056445584,10.606150047585528,10.414386808690782,10.394721497322717,0.9247192571589375,0.9926381470681925,1.0200834599589028,1.0433181742751776,1.01829978571633,0.9677514477431283,1.0208784913823146,0.9739632150830837,0.995940305897828,0.9875860056498967
0.3875,11.199422141431349,10.419337882486124,10.143575767513788,9.925994315229667,10.14765423252823,10.693048184591055,10.123127880093067,10.62296370942031,10.428350239721007,10.405542218184548,0.9223690177536045,0.9914257620307821,1.0183785517808486,1.0407017848227516,1.017969253119333,0.96604820456021,1.0204355928678668,0.9724216595825785,0.9952733067172165,0.9855330927152831
0.39,11.228182438252233,10.434120289970153,10.162125785516771,9.95199243562917,10.152876380124063,10.713499111254363,10.129373959955817,10.641764242709751,10.444575963747962,10.418107259524254,0.920006426401454,0.9900211721662593,1.0165195961973317,1.03798310406844,1.0174456590668912,0.9642041216159244,1.019806361265495,0.9707037070546524,0.9944999241094712,0.9831572683630703
0.3925,11.257242286647116,10.449421023789647,10.181203528802381,9.978396102355276,10.158615290289033,10.73440778423663,10.136282258483254,10.661019847578384,10.461357715815703,10.431131115167155,0.917631488864109,0.988571517645067,1.0146148213987352,1.035236514369452,1.016870873127246,0.9623260274469451,1.01911132075615,0.968950451991366,0.9937019325797475,0.9807037463764527
0.395,11.286605120746735,10.465247192550137,10.200814705453869,10.005208898138747,10.164888596237414,10.755779163100765,10.14386937328523,10.680737363818707,10.478702451455433,10.444621239609216,0.9152442111234734,0.987076541044686,1.012664213425724,1.0324622009563111,1.0162433067710848,0.9604139173327897,1.0183490756697795,0.9671616900714327,0.9928791858932138,0.9781720563217996
0.3975,11.31627443164522,10.48160586415761,10.220965025042263,10.03243449102976,10.171714029739666,10.777618250656754,10.152151298402396,10.700923705465026,10.496617116676473,10.458585080410822,0.9128445993774092,0.9855360079245076,1.010667776935993,1.029660349064457,1.0155613861928818,0.9584677949945501,1.0175183265467675,0.9653372254887124,0.9920315464178722,0.9755617758118745
0.4,11.346253768618933,10.49850409065489,10.241660203652785,10.060076616047567,10.179109389881582,10.799930096007492,10.161143393203995,10.721585863109699,10.515108633659285,10.473030076652357,0.9104326600353633,0.9839497047198484,1.0086255347854354,1.0268311459499084,1.01482355718354,0.9564876724358415,1.0166178746093615,0.963476871042273,0.9911588859068821,0.9728725315627541
0.4025,11.376546740376087,10.516577131390502,10.263667047240087,10.08857177315449,10.188152668069614,10.822729645634507,10.17173521060396,10.742892491028297,10.534838499184735,10.488538974300395,0.9080083997139636,0.9822587588091192,1.006462890159492,1.0239308627895127,1.0139227725135045,0.9544727012715082,1.0155592714634423,0.9615659850107301,0.9902303194142053,0.969997579108374
0.405,11.407157016337937,10.535124879630125,10.286224290891429,10.117560858171094,10.197810688947877,10.847031653760776,10.183065304185746,10.764608395226881,10.555065150106053,10.504485523765108,0.9055718252325995,0.9805294306452184,1.0042557607019453,1.0209970708164642,1.0129625186311202,0.9523342726135113,1.0144293188175721,0.959626176887253,0.9892810762154917,0.9670547651082089
0.4075,11.438088327952332,10.554152260155533,10.30933779918538,10.147048998486055,10.208101782133642,10.872283569357748,10.195147517902242,10.786738701738265,10.575793098092785,10.52087547680049,0.9031229436089953,0.9787616992222331,1.0020042219216303,1.0180299712301817,1.0119413207732417,0.9501223854309587,1.0132271241648012,0.9576573870594767,0.9883111336356855,0.9640440582017513
0.41,11.469344470040404,10.573664204405834,10.333212742416947,10.177041443873064,10.219044254137073,10.89799721441123,10.207995043968989,10.809288596926404,10.597026875586224,10.537714608397284,0.9006617620547941,0.9769555567781032,0.9996890858151252,1.0150297664572274,1.010857741986782,0.9478805873009286,1.011951901965616,0.9556595614384198,0.9873204736159633,0.9609654600861564
0.4125,11.500929302177306,10.593665660864337,10.358967155226642,10.207543568085047,10.230656357572222,10.924177151993476,10.22162042019357,10.832481377554021,10.61877103609244,10.555008704073352,0.8981882879711616,0.9751110079074532,0.9972036637637154,1.011996660224682,1.0097103879707825,0.9456089787151568,1.0106029744161031,0.9536134556764425,0.986309082734001,0.957819008167504
0.415,11.53284674772988,10.614901002956042,10.386033236804302,10.238801708400027,10.243752791647518,10.951475029923518,10.236710679921186,10.859216304487209,10.641896567871315,10.573329354119464,0.8957025291291026,0.9731602769656822,0.9946049434344444,1.0089071254817985,1.008419493334787,0.9432519338056821,1.009113212534354,0.9512657000608297,0.9852368430871581,0.9545026139697151
0.4175,11.565100806430415,10.636696120284403,10.41350421397223,10.270509294099403,10.257408090298558,10.979180217844664,10.252457849440274,10.886353082017438,10.665615405948563,10.592159611090175,0.89320449280099,0.9711662233445282,0.9919811609755544,1.0057923812925982,1.0070770226808174,0.9408717039921123,1.0075632742605187,0.9488944481383352,0.9841407188181278,0.9511118883952887
0.42,11.597695535733688,10.659057567281772,10.441383883446544,10.30267106200614,10.271631609282153,11.007296824976292,10.26886708969316,10.913896448669615,10.68993417206164,10.611506405124672,0.8906941873212839,0.9691288310242528,0.9893324596921363,1.0026526070597985,1.0056824848220902,0.9384683782271174,1.0059532283135888,0.9464997261595981,0.9830206597719571,0.9476469342451809
0.4225,11.630635069368381,10.681991917199207,10.469676127568933,10.335438097872668,10.28643261158744,11.035829032567026,10.285943265502475,10.94185120663272,10.714859547827727,10.631376671838595,0.8881716207575057,0.9670481011474591,0.9866589829649901,0.999473839635904,1.0042354225276782,0.9360420471824903,1.00428319827947,0.944081563980524,0.9818766211908443,0.9441079004804773
0.425,11.663923612935474,10.705505772023068,10.498384896141893,10.369378880688338,10.301820261638534,11.064781095627758,10.303690961384811,10.970222245333124,10.740398282642957,10.651777353391202,0.8856368013713557,0.9649240512293791,0.9839608760959249,0.9962023877089037,1.002735413513901,0.9335928032125184,1.0025533606077461,0.9416399931546069,0.980708563441718,0.9404949822172805
0.4275,11.697565445662233,10.72991722224128,10.527719509614483,10.404022541055543,10.318755325712717,11.094095966478463,10.32287676402435,10.999024312941119,10.766848278388517,10.6730398403423,0.8830897376026768,0.9627287691080859,0.981219151076934,0.992885199857705,1.0010897316519622,0.9311258917547469,1.0006900436901924,0.9391742127386731,0.9795032112698663,0.9367514670361906
0.43,11.731564922148026,10.754852342973475,10.557601238990207,10.439054369602898,10.337245728275677,11.123797541499421,10.344149953116217,11.028192992780818,10.793843187619036,10.694794867034009,0.8805304380575851,0.960496682853015,0.978441955342123,0.9895532329134669,0.9992990658763332,0.9286396989393226,0.9986320815939106,0.9366901727927809,0.9782775980738115,0.9329443204388649
0.4325,11.765926474133343,10.78031651041578,10.588035622052272,10.4744789471801,10.357949477602716,11.153890040609271,10.366862550586182,11.0577327570505,10.821388309844332,10.71704841062403,0.8779589114983731,0.9582278952588552,0.9756295094517017,0.9862065742927485,0.9973016398985967,0.9261342869967663,0.9964441941420263,0.9341878870615234,0.9770317345625165,0.929073896183143
0.435,11.800654612243118,10.806315150584956,10.619028311565588,10.510300941549371,10.379277646026603,11.184377760892819,10.390239580730382,11.087648159531547,10.8510961535719,10.739806480074392,0.8753751668388531,0.9559225190134149,0.9727820377641527,0.9828453112282824,0.9952523048609776,0.9236097189170214,0.9942022914618734,0.9316673699750989,0.9756933720951191,0.925140580273197
0.4375,11.83575392797256,10.833054740084567,10.65058508113112,10.546525109381617,10.401236673854669,11.215265079825137,10.414283156693365,11.117943832768514,10.881966712009355,10.763075117925506,0.8727792131252519,0.9535629836501095,0.9698997680701056,0.979469530756722,0.9931511342267852,0.9210660583121109,0.9919069651338225,0.9291286370375281,0.9743084390187272,0.9211447906703273
0.44,11.871229095861443,10.862125630881375,10.683129698846132,10.58313962820319,10.424150528358057,11.24711014315304,10.439229602503971,11.14925925812828,10.913550087666781,10.786958840540594,0.8701710595073303,0.9510109117714012,0.9669451079598639,0.9760808571845171,0.9909680382970365,0.9184581522293216,0.9895366222735659,0.9265189516934944,0.972897612813798,0.917070238952029
0.4425,11.907084870028084,10.891727899045529,10.716184120825083,10.620181562649284,10.447681882454946,11.279432054419626,10.464824135443216,11.181064518747487,10.945685211746339,10.811350220660954,0.8675507156249601,0.948426190568463,0.963962534007362,0.9726764028526743,0.9887360771720499,0.9158262534993853,0.9871164451787985,0.9238834086575127,0.9714684119208117,0.9129369206262004
0.445,11.943326099491241,10.921866814390244,10.74975370668494,10.657656075791545,10.471836626815842,11.312236050989105,10.491068872461105,11.213365852006483,10.97837759240691,10.83660631707509,0.864918190623635,0.9458090064227462,0.9609522489409308,0.9692562723490578,0.9864554202027338,0.9131704778293394,0.9846470484162096,0.9212220609168462,0.9700208713224562,0.9086864471272708
0.4475,11.979957715287751,10.952547736696214,10.783843929304494,10.69556843320174,10.496620615382454,11.345893527644765,10.51796595396253,11.246169600775588,11.011632861239603,10.863438695324128,0.8622734942392809,0.9431595504842782,0.9579144568226551,0.9658205699411988,0.9841262610617482,0.9104615669828475,0.9821290585284966,0.9185349649437615,0.9685550261920003,0.9042031325054201
0.45,12.016984740394825,10.983776119828818,10.81846037859993,10.733924005407967,10.522039670241794,11.380404084712453,10.545517556002672,11.279482236730813,11.045456778022826,10.890794899770013,0.8596166362162329,0.9404780184249598,0.9548493628939885,0.9623693995593352,0.9817488171247905,0.90770063374784,0.9795631124922839,0.915822178996932,0.9670709117823186,0.8996663654866267
0.4525,12.054412290173799,11.015953708937758,10.854707328911646,10.772736099120955,10.548986624688848,11.415574043092093,10.574355307094924,11.31370241368189,11.080304592371586,10.9190037501055,0.8569476264239393,0.9377308831298727,0.9516608497113431,0.9589021679314058,0.979240979965191,0.9049041214226975,0.9768917063973657,0.9130521223103519,0.9655489840173578,0.895023859238064
0.455,12.092245574512802,11.04868634457783,10.891890912118733,10.811991727164633,10.576485649299885,11.451135676184252,10.60377453465058,11.348948037613901,11.115730039586843,10.947744062755108,0.8542664748533438,0.9349527788042851,0.948411995983769,0.9554206348536457,0.9766949384253927,0.902093931301857,0.9741814074077161,0.9102165210170322,0.9640091705953,0.8903307460831981
0.4575,12.130489900028227,11.081979863014672,10.929530741386248,10.85186593999697,10.60454208246787,11.487094075328745,10.633778179626871,11.385047108603825,11.151739421319688,10.977021782016354,0.8515731916133051,0.9321439063858662,0.945145793028786,0.9519100270052623,0.9741108969785919,0.89927007929587,0.9714327142718779,0.9073304573499293,0.962451501386289,0.8855877307874537
0.46,12.169150672326957,11.115840213166656,10.967632303937451,10.892350732822619,10.633161313452762,11.523454424659608,10.66436927763061,11.42151780368291,11.188339190742205,11.00684292624474,0.8488677869270496,0.9293044701887822,0.9418623558606595,0.94837195876111,0.9714890704169784,0.8964325817000087,0.968646127218046,0.9044332091019508,0.9608760057995479,0.8807955366984342
0.4625,12.20823339833142,11.15027346093051,11.00620120085955,10.933314890281954,10.66234878570806,11.560222004545507,10.695550964585738,11.458365370377393,11.225535957409146,11.037213590980858,0.8461502711286525,0.9264346776960521,0.9385617990695336,0.9448186669517576,0.9688296835540079,0.8935814550912794,0.9658221473773421,0.9015247520999385,0.9592827127049733,0.8759549051765919
0.465,12.247743688669585,11.18483677586221,11.045431322844458,10.975045712268768,10.692224918067748,11.597383903158022,10.727427405957549,11.495303158505715,11.2626670462121,11.067943554962484,0.8434206546595441,0.9235718148603638,0.935228303727281,0.9412261480106926,0.9661225871281797,0.8907181211089419,0.9629522166948588,0.8986278880654424,0.9577001116410613,0.8710975089002083
0.4675,12.287687260132097,11.21986651784141,11.085182698586959,11.017232882030205,10.722717881071212,11.635096216069956,10.759929488976011,11.532824849879518,11.300261920655956,11.099149635839016,0.8406789480650364,0.9206883151037155,0.9318745825737971,0.9376220064158647,0.9633751549348812,0.8878310766122067,0.9600434659524032,0.8957042298364496,0.9561056967687501,0.8662060846131011
0.47,12.328069938198777,11.255368218444948,11.125461694473396,11.059882529544323,10.75383337941963,11.673365524336518,10.793060521638912,11.570938450313106,11.33857066544742,11.130837830162838,0.8379251619908713,0.9177842785339991,0.928500792477804,0.9340063036298455,0.9605876932935609,0.8849204608957133,0.9570964583483502,0.8927538629954836,0.9544891703140357,0.8612811300307635
0.4725,12.368897659636817,11.291347519792426,11.166274816245195,11.103000891259924,10.78557716906728,11.71219854969741,10.826823930922709,11.609652134678567,11.378345317142857,11.163014221963564,0.8351593071797893,0.9148598058728336,0.925107089874902,0.9303791021156798,0.957760520190439,0.8819864140936102,0.9541117566802098,0.8897768753246114,0.9528194323631124,0.8563231538904956
0.475,12.41017647517298,11.327810177264741,11.207628712716668,11.146594331834361,10.817955062725195,11.751602158659848,10.862916829529812,11.648974254406667,11.418786168647188,11.195685013494796,0.8323813944681245,0.9119149984286128,0.9216936307212897,0.9267404637215341,0.9548939647192182,0.8790290771022862,0.9509416450578791,0.8867733565547442,0.9511306798903562,0.8513326714149323
0.4775,12.4519125522422,11.366313540358735,11.249208517247352,11.190770283117727,10.853602314439694,11.791433154049484,10.900467113297445,11.68885909911037,11.460267680991521,11.229327137373048,0.8295914347824335,0.9088258882988698,0.9182868273942993,0.9230821238090934,0.9517577391109042,0.8760597516046986,0.947665810339308,0.8837474994275711,0.9494077661213518,0.8462392697596031
0.48,12.494112172814999,11.40539863960753,11.291219199841537,11.235433998079943,10.890613699695791,11.831789219288668,10.938502230255104,11.729236171304445,11.502273773506058,11.263428306315431,0.8267894394670373,0.905711437750804,0.9148702028692325,0.9194126369987421,0.9485232223679505,0.8730716723012283,0.9443706078358672,0.8807052606948376,0.9476725705865262,0.8411228766608791
0.4825,12.536781756306203,11.445007629434892,11.333719359381721,11.280592240044571,10.928075113534682,11.873275655144539,10.977027972723869,11.770112207047886,11.544810991910843,11.297995206861541,0.8239754189550156,0.9025769431059832,0.9114395435818806,0.9157320626597867,0.9452716871616345,0.8700210708511716,0.9410561789282467,0.8776466883480047,0.9459250947803854,0.8359838175774134
0.485,12.579927831186396,11.485146941429548,11.377294280564012,11.326251908211272,10.965993312044485,11.915262330290199,11.01605025449163,11.811494072411852,11.587886021617152,11.333114149659734,0.82114938484713,0.8994225370105917,0.9079487394157397,0.912040459961074,0.9420031278565578,0.8669553144239008,0.9377226647807,0.8745718311900792,0.94416533948401,0.8308107682289394
0.4875,12.623557060694433,11.525823148867516,11.421457094591368,11.372633501749558,11.004375189502888,11.957755911352832,11.055575131491967,11.853942313585424,11.631505692418672,11.36958938638144,0.8183113484046578,0.8962483517730346,0.9044380164849345,0.9083208386527922,0.9387175393523317,0.863874465792748,0.9343702048186389,0.871440043044677,0.9423933046989512,0.8254886042276786
0.49,12.667676240361434,11.567291396629031,11.466634527109559,11.419493895906786,11.043110099550955,12.000860476667821,11.095603444735108,11.897444693861857,11.67587977323213,11.406893260597082,0.8154613209237865,0.8930353395446055,0.9008746180562124,0.9045935042447629,0.9354248854604872,0.8607716105094029,0.9309993865094027,0.868253668397338,0.9406008211672369,0.8200982547621769
0.4925,12.712292299916692,11.609250460734536,11.512308424976709,11.466853904008325,11.082488734211578,12.044510020120121,11.136265656378134,11.941501102364803,11.720739903170704,11.444706240825225,0.8125993138206629,0.8898076611352913,0.8973004908023822,0.900857383069045,0.9321011054233108,0.857652157102608,0.9275999979475743,0.8650503744419809,0.9387990608794389,0.8146880450505837
0.495,12.757412307349245,11.651707182018404,11.558485869604269,11.514720775538697,11.122517656184105,12.088711819486054,11.177567099817267,11.986119376267936,11.766092913767697,11.483035506952884,0.8097253385821144,0.8865653623652558,0.8937156749194236,0.8971125050591362,0.9287465589462593,0.854516192812939,0.9241724883198309,0.8618302284268093,0.9369879893328235,0.8092584215817445
0.4975,12.803043472362244,11.694668541292197,11.60517408531431,11.563101904582902,11.163203569388791,12.133473310818523,11.219513303423367,12.031307513254037,11.811945768110203,11.521888380414856,0.8068394067628709,0.883308489122736,0.8901202105250647,0.8933589001672487,0.9253616075161828,0.8513638045249171,0.9207173003527744,0.8585932982446149,0.9351675716431515,0.8038098351480412
0.5,12.849193149930333,11.738141662855055,11.6523804428994,11.612004834593565,11.204553324447868,12.178802085379063,11.262109968793354,12.077073675746396,11.859199406322043,11.561272327784208,0.8039415299828385,0.8800370873601678,0.8865141376580081,0.8895965982743723,0.9219466141019983,0.8481950792517934,0.9172348723839338,0.8553396524147294,0.933302598471397,0.7983427407720146
0.5025,12.895868843963814,11.782300272538642,11.700073093430095,11.661403738438784,11.246762017561828,12.224842637659519,11.305497226081943,12.123627637576668,11.907834835879665,11.601324537170289,0.8010317199244141,0.8767388167891493,0.8829004671603781,0.8858281757238061,0.9184865816374257,0.8450006520474695,0.9137147878970368,0.8520552023540054,0.931394694274238,0.7928398872186855
0.505,12.94307821108332,11.826983500559802,11.74825451026738,11.711359954264372,11.289652598341188,12.271469629027495,11.349927436602925,12.170782641020626,11.957106872184811,11.641921172553547,0.7981099883298466,0.8734264319816675,0.8792795551860154,0.882049568994642,0.9149971542541361,0.8417899658542076,0.9101379773306998,0.8487539630511173,0.9294736991619991,0.7873200916087819
0.5075,12.990829064508947,11.873435246021662,11.79693228334803,11.761881708701182,11.33331697970087,12.318691201205759,11.395430545925338,12.218547492426111,12.007024447922232,11.683070163970761,0.7951763469986413,0.8700093768954684,0.8756513771449991,0.8782608306932804,0.9114719034596922,0.8385631096093143,0.9065037041267121,0.8454360067269239,0.9275396064623054,0.7817838115592808
0.51,13.039129378067946,11.92060345364529,11.846283667199721,11.812977410639029,11.378663116741459,12.367037397962337,11.44150678417153,12.266931185360445,12.057596716860754,11.724779602234639,0.7922308077850082,0.8665668680423316,0.8720034307976228,0.8744620124894655,0.9078395145385264,0.8352849326470081,0.9028531114704914,0.8421014061225021,0.9255924078457692,0.7762315085384933
0.5125,13.087987290325135,11.96841077927214,11.896550755002975,11.864689889051352,11.42456799973106,12.416096496011427,11.488163666849644,12.315942903058998,12.108833031128324,11.767057738126688,0.7892733825953601,0.8631054022552708,0.8683189113160235,0.8706506530383444,0.9041917383872348,0.831984513274235,0.8991863538476866,0.8387502346600085,0.9236320944025036,0.7706636484441821
0.515,13.137411108840826,12.016966881624775,11.947764648462364,11.916916547134031,11.471049674254862,12.465671528051207,11.535442888167145,12.366223781192048,12.160771369292906,11.810054517235088,0.7863040833858371,0.859617913717951,0.8645968768165714,0.8668349701990925,0.9005278761179296,0.8286757738445654,0.8955009443630753,0.8353398889409581,0.9216575795474049,0.7650623642985703
0.5175,13.187409314259096,12.06612641659683,11.999512484558572,11.969709503097974,11.51816399014354,12.515814865001651,11.583357839267295,12.417351996945774,12.213325705357782,11.854215610205324,0.783322922177787,0.8561156781675346,0.860868307216067,0.8630117545731926,0.8968443242203974,0.8253557687950539,0.891796674448022,0.8319003924943751,0.9196724805515405,0.7593727330314393
0.52,13.237990564667262,12.11589808703663,12.051802709216323,12.023077505461039,11.565919276054517,12.566535100032377,11.631916301154568,12.469042790931686,12.26650515341032,11.899459721215441,0.7803299110645382,0.8525987859746488,0.8571331815862189,0.8591810204423933,0.8931412846177043,0.8220245212997005,0.8880737904703336,0.82845172425847,0.9176767695753605,0.753609138937402
0.5225,13.289163707958359,12.166290781915627,12.104643940116498,12.077029486488875,11.614324058842751,12.617841007955693,11.681126255763695,12.521304936092841,12.320319016284335,11.945329828888168,0.777325061757932,0.849067327517344,0.853391479427571,0.8553427820604929,0.8894189578028081,0.81868205452001,0.8843325355637671,0.8249938846408594,0.9156704182945763,0.7478325279996019
0.525,13.340937762858008,12.217313591528889,12.158044979884194,12.131574567028562,11.663387049473583,12.669741549988345,11.730995890615596,12.574147389597101,12.375704418930503,11.991834966097832,0.7743083869830617,0.8455213924575453,0.8496431800582461,0.8514970536532894,0.885677544283008,0.8153283916047603,0.8805731496559176,0.8215268741438694,0.9136191555221717,0.7420434859366563
0.5275,13.393321955481499,12.269082426732842,12.212014818169296,12.186759184825224,11.713268140279222,12.722351736869792,11.781650440933845,12.627731070975418,12.432043240180644,12.039086817108382,0.7712798986193437,0.8419537534031221,0.8458882628139958,0.8476412673241929,0.8819058759935254,0.8119567996271729,0.8767871744106183,0.8180408611760266,0.911546661382282,0.7362300683486994
0.53,13.446325704452185,12.321485581724954,12.266562637014228,12.242577340847323,11.763853175161977,12.775584167434658,11.833067298553692,12.681928684315693,12.489019089835338,12.086981533420465,0.7682396088754309,0.8383729325075301,0.8421267070229871,0.8437765768106675,0.87811364577472,0.8085735935528862,0.872977372592362,0.814544873823141,0.909465012102384,0.7304069985965008
0.5325,13.499958631184619,12.375267997089466,12.32169781603109,12.299039001551183,11.81515151154892,12.829448471736457,11.88625027257994,12.73674996002964,12.546641919301038,12.135528759930887,0.7651875299927156,0.8347293975717947,0.8383584920058825,0.8399030199592957,0.8743011031134695,0.8051788058354344,0.8690713861065159,0.8110389253473231,0.9073741635205071,0.72457481628784
0.535,13.554230565234873,12.429836336354432,12.377953283618947,12.35613403776743,11.868340713810339,12.884484566172528,11.940101940169196,12.79220483814482,12.604921898539265,12.184738346955907,0.7621236742493762,0.8310648443364544,0.8345483104764001,0.8360220088601821,0.8703828318629004,0.8017394834032261,0.8651517425699314,0.8075230291182628,0.9052740705796299,0.7187340627475052
0.5375,13.60915155035028,12.485058379570033,12.434951335609084,12.413852465950288,11.922680347301577,12.940170703075038,11.994631931675299,12.848584418699035,12.663869418369941,12.234620357347556,0.7590480539350097,0.8273890025939752,0.8307229936975078,0.8321349096369522,0.8664159148020736,0.7982893144945321,0.8612185900194772,0.8039796185614314,0.9031646874427582,0.7128852807338734
0.54,13.664731849715112,12.540878773833317,12.492755933474397,12.472222720040712,11.97768005175898,12.996480926294065,12.04982814346707,12.906133711542555,12.72341442408175,12.285141879564817,0.7559606813810521,0.8237062319391573,0.8268791974331874,0.8282405014626198,0.8624374632951554,0.7948305436359064,0.8572736371846521,0.8003946209515403,0.901048823999811,0.707033985967126
0.5425,13.720981952254471,12.597374109412476,12.551197089204857,12.531255391960327,12.033355966103747,13.053467101198752,12.105711849431621,12.964355714165391,12.783648628703409,12.336421689762624,0.7528615689420607,0.8200121636684311,0.8230290646048987,0.824338797422277,0.8584471388611907,0.7913606339155177,0.8533161972201582,0.7968001054393328,0.8989235292536567,0.701168231018766
0.545,13.777912578823633,12.654555118088693,12.610285342358384,12.590961306912831,12.089718692561048,13.111140028627444,12.162293403433907,13.023261408325993,12.844833844986002,12.388923160672395,0.7497507289948259,0.8163068478981199,0.8191725817100405,0.820429810575981,0.8544450257851057,0.78787961820597,0.8493463903019658,0.7931960878398598,0.8967800026977902,0.6952380364816972
0.5475,13.835534688611611,12.712432769820822,12.670031465993059,12.651351529852045,12.146779071807721,13.169510765485686,12.21958340090272,13.082862016864071,12.907538818482777,12.44212982422173,0.7466281739369923,0.8125903347566414,0.8153097352383213,0.8165135539570931,0.8504312080537954,0.784387528432157,0.8453643353534355,0.7895825841994223,0.8945990668857108,0.6893046145829405
0.55,13.893859485762894,12.771018281187887,12.73044647319456,12.712437372097707,12.204548189603457,13.228590601601026,12.277592696456132,13.143169013243458,12.970977836798403,12.496052901031094,0.7434939161854345,0.8088626742643079,0.8114405116702718,0.8125900405749983,0.8464057693507814,0.7808843973710837,0.8413701492949596,0.7859596106229157,0.8924087135679063,0.6833684635350039
0.5525,13.95289842622337,12.83029481878803,12.791383744772247,12.774166542318053,12.262948335223195,13.288305984694896,12.336335512413434,13.204076365924584,13.035071806357998,12.550654849631353,0.7403479681745251,0.8051256924254987,0.8075748649337333,0.808663325766025,0.8423749099821993,0.7773752359328427,0.8373637365492727,0.7823341605822852,0.890212005241251,0.6774353733436217
0.555,14.012663224818011,12.891095846871703,12.853026258903899,12.836634839546099,12.322047198845102,13.348805986301574,12.396462863529162,13.26568729930909,13.099892599415375,12.60600729848029,0.7371903423543643,0.8013283061972418,0.8037017735682226,0.8047280404188288,0.8383347209519041,0.7738519842599072,0.8333022180376333,0.7787007010588899,0.8880068036404806,0.6714992540733026
0.5575,14.073165863431194,12.952620987067224,12.91543829900814,12.90000849827489,12.38284936860191,13.410187674943923,12.457355797582915,13.328013706666479,13.1654523603753,12.662122226853642,0.7340210511440267,0.7975219849568805,0.7998179977208599,0.8007746662633148,0.8342183363865237,0.7703098756254503,0.8292289445569433,0.7750592269298977,0.8857930486790009,0.6655606545503457
0.56,14.13441859214399,13.014882415369197,12.978615053882292,12.964135544639069,12.444578021155369,13.472311360093181,12.519026341879963,13.391422890897589,13.23176352846238,12.719011887257615,0.7308401072642271,0.7937067481916982,0.7959246774107834,0.7968136374716989,0.830080375761986,0.7667578134067526,0.825144042188249,0.7713892753712902,0.8835706786926121,0.6596201236537779
0.5625,14.19643395521135,13.077892589639815,13.04256934590337,13.029028762958268,12.507096226379339,13.53518954835717,12.581486815445164,13.455587040646316,13.2988388201421,12.776688813289914,0.7276475227927203,0.7898826151992815,0.7920218575065211,0.7928449762401594,0.8259311204636359,0.7631958136303899,0.82104763542881,0.767710837795139,0.8813396312884236,0.6536782102224494
0.565,14.259224774146977,13.141676370110714,13.107374248566403,13.094697500100969,12.570508794881144,13.598883289920312,12.644799817294189,13.520562651397613,13.36694423760607,12.835229963674543,0.7244433104616633,0.7860488806050985,0.7881059779100933,0.7888689295740011,0.8217646690805781,0.7596211968122959,0.8169366181560062,0.7640214587469253,0.8790915237793486,0.6477289896865065
0.5675,14.322804173323881,13.206226327738078,13.172966364571915,13.1611252002843,12.634708691590632,13.663380217618656,12.708909603158562,13.586345506223369,13.436094946489963,12.894999018447223,0.721227482760642,0.782206797281907,0.7841817639329939,0.784887298221041,0.8175890914584685,0.7560354638070945,0.8128156012245671,0.7603221922531144,0.8768264229454843,0.6417383838301621
0.57,14.387185583732926,13.271555735618849,13.239359246588023,13.228325141421296,12.699709304588955,13.728693965037325,12.77382939594446,13.652949563086539,13.506100814131955,12.9555621717421,0.7180000521908719,0.7783563740214603,0.7802492407374015,0.7809000678138842,0.8134044451133479,0.7524386534004813,0.8086846692409757,0.7566130638854192,0.8745510533387898,0.6357525597992609
0.5725,14.452382752006832,13.337727414409317,13.30656676399881,13.2963109109131,12.765524330378932,13.794838487766281,12.839650390064152,13.720389107783248,13.576976714197645,13.016933210616562,0.714761031260786,0.7744947605421939,0.7763084335132958,0.7769072240572784,0.8092107877948295,0.7488308043012599,0.8045390400967442,0.7528940993473747,0.8722653567232549,0.629771916273683
0.575,14.518409749737806,13.40510845366525,13.37481432404398,13.365129610386193,12.832194131407357,13.861778706168709,12.906756961462525,13.788678767489069,13.648737877248404,13.079126247456921,0.711510432482907,0.7706017475133186,0.7723471705644318,0.7729068330151053,0.8050065245441442,0.7452146091037356,0.8003559709727004,0.7491653242626889,0.8699692737294048,0.6237968528010945
0.5775,14.585280983111627,13.47337467616285,13.444074863276647,13.43487083363133,12.900613978521069,13.929452483688726,12.974776547172889,13.857653256602372,13.721321284792362,13.14221544448793,0.7082482683714604,0.7666973010314838,0.7683682295028762,0.7688946271177429,0.800737082529481,0.7415941159278403,0.796160146761898,0.7454364609013687,0.8676652294759685,0.6178221552668808
0.58,14.653011202877487,13.542479050790263,13.514187256654312,13.50545857521215,12.969845178356486,13.99799449927667,13.043630855321839,13.927392111801401,13.79476110816842,13.206143980654971,0.7049745514404198,0.7627850086574216,0.7643818902178943,0.7648759160951135,0.7964628611942304,0.7379628560744035,0.791957401629879,0.7417038248852673,0.865352532065903,0.6118551041036193
0.5825,14.721615514671408,13.612436555152636,13.585166698155964,13.576907992195572,13.039902542307317,14.06742000293724,13.113334809434058,13.99801511844195,13.868998912552208,13.27092702984716,0.7016892942017967,0.7588648775806303,0.7603881667055423,0.7608507037049972,0.7921838346939196,0.7343208632317172,0.787747750676536,0.7379617690504239,0.8630334003270335,0.605896049149766
0.585,14.791109389710064,13.683262528511325,13.657028748598798,13.649234607268834,13.110801238945156,14.137744614724332,13.183903694425231,14.069538139458063,13.944093279971337,13.336611843278313,0.6983925091640804,0.7549369149700774,0.7563870729246177,0.7568189936818002,0.7878999774106188,0.7306681710208147,0.7835312089216796,0.7342103129191913,0.8607063778003312,0.5999424886145589
0.5875,14.861508675871985,13.754972682723517,13.729789346670412,13.722454319696029,13.182556808936157,14.20898433594597,13.255353167556061,14.14197742350692,14.020139018828024,13.403475164829533,0.695084208830763,0.7510011279756781,0.7523786228013113,0.7527807897435088,0.7836112637115682,0.7270048129947689,0.7793077913068219,0.7304494760986806,0.8583689527290522,0.5939717844209526
0.59,14.932829609183198,13.827645968628197,13.803466475309175,13.796583416739514,13.255249778239603,14.281159816951849,13.327744299620523,14.215366050790449,14.097191556215485,13.47129359001776,0.6917644056989299,0.7470541278997478,0.7483627405099793,0.7487360955949806,0.779313869811656,0.7233306070658357,0.77507489397843,0.7266784381838411,0.8560198986692567,0.5880063833255019
0.5925,15.005088825725085,13.901186580382618,13.878224996133563,13.871638587273626,13.328841586993159,14.35440659734871,13.401429863848419,14.289683323585464,14.175204809871833,13.540041144815776,0.6884331122578895,0.7431020323529588,0.7443314979313214,0.7446849148360265,0.7750110864908504,0.719639640269628,0.7708132717887155,0.7228991550113703,0.8536610955944366,0.582050511081545
0.595,15.07830337399576,13.975676717815144,13.954005230842728,13.947636925485646,13.40395391584955,14.428878659328637,13.47607091537627,14.365266695008403,14.254196394627868,13.609734914547392,0.6850903409872527,0.7391413101901599,0.7402892452102182,0.7406272514252673,0.7706681226190472,0.7159253497028608,0.7665439032539828,0.7190955949038828,0.8512924694843546,0.5761045570100904
0.5975,15.152490727659085,14.051135815540256,14.03073488806578,14.024595960570077,13.480022405987485,14.504317479082736,13.551672936874043,14.442182751385161,14.33422805666124,13.680392409922671,0.6817361043583287,0.7351718847223184,0.7362408371628817,0.7365631087728036,0.7663192010283066,0.7122017299260934,0.7622675110385903,0.715265841585424,0.8489126512394976,0.570168910880123
0.6,15.227668798937088,14.127581825370497,14.108431769073022,14.102533654260412,13.557055309032409,14.580740983704738,13.6282537159127,14.520076633213206,14.416069986182475,13.752031580337002,0.6783704148281087,0.7311937830329356,0.7321862676930763,0.7324924905872697,0.7619648783993396,0.7084687953475537,0.7579841273382243,0.7114287521300798,0.8464995269496304,0.5642439628711604
0.6025,15.303855952314757,14.205033160209382,14.187127397170096,14.181468420185375,13.63500745269799,14.658174993499816,13.705781565652444,14.598983392457654,14.498971090718845,13.824610726045911,0.6749932848418868,0.7272070317256293,0.7281248494364352,0.7284154005728111,0.7576086801445774,0.7047262025853047,0.7536965294914398,0.7075835160780332,0.8440760327405233,0.5583349581562115
0.605,15.381071018880856,14.283547487038495,14.266846875565609,14.261419140924328,13.713928592177602,14.736624130983515,13.78430483677519,14.678893751665075,14.582909439007766,13.898227620458659,0.6716047268307602,0.7232096934864316,0.7240562746693437,0.7243318422889071,0.7532487813807207,0.7009746539087838,0.7494030437023244,0.7037315055726344,0.8416433016255362,0.5524357847117498
0.6075,15.459333311186857,14.36336477546248,14.347590112644893,14.342405177199055,13.793837590038416,14.816107651347444,13.863875278493436,14.759826882006857,14.66790467346288,13.97292010671258,0.6682047532104693,0.7191908136766921,0.7199815382860646,0.7202418194419856,0.7488851403803741,0.6972141565845429,0.7451019136059729,0.6998727073549155,0.8392012486002404,0.5465454602227119
0.61,15.53866263867738,14.444556855764423,14.429319423319148,14.42444638886729,13.874849046703657,14.896722559029795,13.944569360650702,14.841825376167991,14.753976937312254,14.048707112425765,0.6647933763802513,0.7151482806395395,0.7159034807494622,0.7161453356000296,0.7445126044419321,0.6934411216337226,0.7407901766511036,0.6960060328284972,0.8367497872982634,0.5406645889333146
0.6125,15.619079323717996,14.526817291965793,14.512121457851427,14.507563147382038,13.957044005771147,14.978416044705245,14.026381348497246,14.925011055121157,14.841170122543804,14.125608965646851,0.661370608721707,0.7110986386338811,0.7118187392520208,0.7120423943744199,0.7401280669265364,0.6896590379896395,0.7364693532381915,0.6921267905162127,0.834288176976922,0.5347937014764814
0.615,15.7006042182472,14.610091652800664,14.59598640601355,14.591776353747498,14.040365803060753,15.06117831588005,14.109305520608316,15.009224472269409,14.929567991961612,14.203607700471624,0.6579364625976943,0.7070455302735766,0.7077288038404885,0.7079329993532297,0.7357358166372058,0.6858693113744202,0.7321409253568014,0.6882434211764503,0.8318146027574307,0.528936218021434
0.6175,15.7832587186889,14.69448715899022,14.680966428759866,14.677107455550804,14.12481389419289,15.145065141935213,14.193361409983368,15.094556493969364,15.019123987445074,14.282739587326557,0.6544909504504468,0.70298472401468,0.7036321518836548,0.7038171541146038,0.7313370694566784,0.6820703577825648,0.7278050422033258,0.6843526674087499,0.8293309237717247,0.523091432812993
0.62,15.867064797112231,14.780025800640603,14.767083476082957,14.763578465001526,14.210410312187985,15.230098520228061,14.27857093690549,15.181029162343737,15.109860800937636,14.363143819818777,0.6510340842548293,0.6989162359616633,0.6995287875720795,0.6996948622238337,0.7269318600280082,0.6782621915596981,0.7234617557769937,0.6804545258119505,0.8268370504071773,0.5172513403976132
0.6225,15.952044990494773,14.86678642943772,14.854389805358398,14.851193877167773,14.297177678593181,15.316301037308126,14.36509292606146,15.26866510350291,15.201801733917373,14.444890184883027,0.6475658767358831,0.6948374518615247,0.6954173234550286,0.695566974981139,0.722520222677715,0.6744448267788501,0.7191042935238583,0.6765489929849932,0.824332891258145,0.5114134598133425
0.625,16.038222453745007,14.954813892255617,14.942956772947225,14.9399307750066,14.385476182847531,15.403711452552843,14.45301207102841,15.35749739327536,15.294970705680377,14.527831014524489,0.6440863399788979,0.6907474793350262,0.6912955820565221,0.6914356000418239,0.7180853708768388,0.6706175996492079,0.7147299088407227,0.6726356342748417,0.8218183534164698,0.5055907082944711
0.6275,16.125620960193014,15.044085772325003,15.03276162066898,15.029877667029684,14.47524653739193,15.492341610643054,14.542181952418327,15.44757295528095,15.389444148030657,14.61201718570185,0.6405954862451607,0.686648571161632,0.6871658222662816,0.6872976765912354,0.7136320596209481,0.6667810625156505,0.7103473215917333,0.6687134626199359,0.8192919616161732,0.4997816360397029
0.63,16.21426492756678,15.134595897236172,15.123798255996611,15.121057704288662,14.566239352877009,15.58218984337468,14.632585550381222,15.538844573751382,15.485162544530473,14.697439262158218,0.6370933277670446,0.6825421749044802,0.683029476137328,0.6831532689059302,0.7091741217309944,0.6629363461639614,0.7059586266851434,0.6647855927106513,0.8167558928158233,0.49398901877049634
0.6325,16.304179439860285,15.2263694011295,15.216091770666523,15.21349600866836,14.658479576978047,15.673280980623016,14.724247861467616,15.631336724494346,15.582136051854498,14.784122352350343,0.6335798767489841,0.678428306043443,0.6788865469327744,0.6790023801310471,0.7047115593232354,0.6590834435221987,0.7015638487744374,0.6608519912320014,0.8142104363767051,0.48821323311410764
0.635,16.395390270121595,15.319432119643789,15.309667930539502,15.307218375450034,14.751992842584011,15.765640530372096,14.817194570165368,15.725074556002557,15.680390175030434,14.87213730396616,0.6300551453676002,0.6743069794835317,0.6747370385084491,0.6748450140730612,0.7002443744536525,0.6552223476172455,0.6971630122749148,0.6569126246881192,0.8116554857002708,0.4824517326085905
0.6375,16.4879239041962,15.413759939952149,15.40471097430667,15.402294915810502,14.846839404182518,15.859380491515305,14.91155434872207,15.820083912691318,15.779951118766991,14.961519821960243,0.6265191457713485,0.6701804128417008,0.6705740871886062,0.670679275813387,0.6957709798551418,0.6513495281563175,0.6927513898566374,0.6529674594022211,0.809090932355993,0.47670446360518876
0.64,16.58180756546653,15.509393688916568,15.50113556270703,15.498723659348185,14.94317200539714,15.954675095012947,15.007268904954666,15.916895826791414,15.88123169212961,15.052241318173271,0.6229718900799078,0.6660479582372133,0.6664027908285726,0.6665064960861713,0.6912856250512966,0.6474591264618678,0.6883331048056012,0.648995891687152,0.8065068676499186,0.47097548104906395
0.6425,16.677069238441923,15.606398081921617,15.598926620550369,15.59651886117246,15.040860736334185,16.051321210385822,15.104350004624024,16.01508849530618,15.984179265754616,15.144331361109892,0.619413390464828,0.6619080165567626,0.6622250524847673,0.6623272854634594,0.6867958011901429,0.6435607302728509,0.6839089399303901,0.6450167292567627,0.803905481515223,0.4652650562060488
0.645,16.773737706021695,15.704801938352004,15.698112963063956,15.695709336576613,15.139934245552478,16.14934736507787,15.202826347418622,16.114640357144467,16.088526217535303,15.23781876565941,0.6158436587625654,0.6577606034478896,0.6580408756329775,0.6581416474072572,0.6823015101954325,0.6396543319353012,0.6794789181916817,0.6410319914722868,0.8012942558591585,0.45957356018686546
0.6475,16.87184255831481,15.804634895910258,15.798724223124683,15.796324718504035,15.24042199385204,16.248782897436865,15.302727441616051,16.215580383766742,16.19430197942754,15.332732567845744,0.6122627071877903,0.653605734522414,0.6538502637371137,0.6539495853677466,0.6778027540291931,0.6357399237348101,0.6750430627096823,0.6370416448578838,0.7986730756966258,0.45390139909977334
0.65,16.971414238647903,15.906177793939582,15.900663811237767,15.898415952139915,15.342350178860848,16.349690512199977,15.40406845662869,16.31793837633524,16.301536819232037,15.42908754427744,0.6086705477069884,0.6494332034900199,0.6496584119148089,0.6497502663848463,0.6732997148137699,0.6318162409430231,0.6706020574424796,0.6330456557539691,0.7960418239935416,0.448249853804796
0.6525,17.072484067722332,16.00928820728562,16.004031904049153,16.002004363072103,15.445757070068913,16.452256393916763,15.506910498054141,16.422092156133527,16.41063536437727,15.5269487005806,0.6050671922740382,0.6452504237695558,0.6454623473592566,0.6455441309489071,0.6687920801252063,0.6278774018996889,0.6661546154726464,0.6290306924225744,0.7933913529634707,0.44261732255697417
0.655,17.175084275736463,16.11391295392775,16.108916962434005,16.10711213177407,15.55067126850728,16.556343323692126,15.611270725621015,16.527794533873717,16.521397618770415,15.626330652686738,0.6014526528171608,0.641060928499187,0.6412597460207636,0.6413316003197299,0.6642800057718399,0.6239300428868114,0.6617014195421349,0.6250077697195875,0.7907273653382816,0.43700521895301175
0.6575,17.279248035554243,16.220085135531125,16.215352147915105,16.213772474739372,15.65712578412706,16.661984471890026,15.717182217862117,16.635044119670948,16.633760511653165,15.727266604529339,0.5978269412386878,0.6368647213430144,0.6370506114064372,0.6371126778850429,0.6597634931484287,0.619974170389335,0.6572424914855449,0.6209782147667869,0.7880521143527363,0.4314139113671029
0.66,17.38500949828749,16.327838827657136,16.32337159758721,16.322019585613344,15.76515459873688,16.76921398511359,15.824679027783404,16.74387502965725,16.7477591135789,15.829790737635237,0.5941900693823351,0.6326618059520766,0.6328349470110022,0.6328873670207535,0.6552425436302192,0.6160097908685626,0.6527778529892208,0.6169420150176227,0.7853654791892054,0.4258437676260582
0.6625,17.49240382777119,16.437464212177073,16.43322463136296,16.431888671383238,15.874955396861147,16.878067022359815,15.934026366643126,16.854322390826546,16.863429529723444,15.934131864208704,0.5905420490921862,0.6284424328873922,0.6286045637254358,0.6286556710909373,0.6507104896838,0.612036910762054,0.6482981615761099,0.6128991578814467,0.7826673368041349,0.4202849409569701
0.665,17.601467240135705,16.54875037202766,16.544749708020937,16.543415987894917,15.986619244626258,16.988579792795104,16.045032414094837,16.96642237875566,16.980808938363154,16.040123166993432,0.586882892151459,0.624216316505734,0.6243672574262027,0.6244175935344083,0.6461653863103248,0.6080555364834543,0.6438129717285932,0.608849630723246,0.779957561870377,0.41474890252169966
0.6675,17.712237042462977,16.661729448964024,16.657970377461258,16.656638891292133,16.099984995003908,17.10078959523125,16.15774313444385,17.080212257023568,17.099935631097665,16.147818664801054,0.5832126103120151,0.6199836596579887,0.6201235664326072,0.620173137414919,0.6416155048098225,0.6040656744224628,0.63932195938796,0.604793420863502,0.7772360267172794,0.40923513724765104
0.67,17.824751674268803,16.77643985164632,16.772925112587657,16.77159585413369,16.21509124501306,17.214734859394945,16.27219701808816,17.195730418423167,17.220849055393728,16.25725682226567,0.5795312152882349,0.6157444661291643,0.6158734943762192,0.6159223063709808,0.6370608616326463,0.6000673309448272,0.6348251553565374,0.6007305155780206,0.77450260125757,0.403744026631492
0.6725,17.939050750698165,16.892921174075386,16.889671179549705,16.888326536018784,16.331982455458615,17.330455465768505,16.388517471954717,17.31301642806914,17.343607539369586,16.368522752792476,0.5758387187570652,0.6114987392383544,0.6116164068669221,0.6116651035831506,0.6325012917551487,0.5960605028762251,0.6303193695023046,0.596660902097467,0.7717567595426552,0.3982737380330398
0.675,18.05517510772179,17.01121422452891,17.008249141572797,17.006871812885898,16.450962917282556,17.448062963674673,16.506739219243578,17.432220290470717,17.468380087633147,16.481693568464568,0.5721351323578187,0.6072464824471439,0.607352344971868,0.6074015323719373,0.6279267695113349,0.5920427970432104,0.625805003810642,0.5925808547547367,0.7689955811912733,0.3928230581187447
0.6775,18.173166849449704,17.13136107734129,17.128684279391717,17.127273828771976,16.571794685537565,17.56752923356132,16.626818912830025,17.553294869198798,17.595068202083013,16.59672232172014,0.5684204676915074,0.6029876991888825,0.6030819315426628,0.6031315960305786,0.6233482972737489,0.5880166677204318,0.6212854096840432,0.5884935037538911,0.7662221165201938,0.3873967627196618
0.68,18.2930693976778,17.253405121937593,17.251020064774497,17.24957604492925,16.69452113948419,17.68889770101,16.748799953489595,17.676265394095918,17.72371649475794,16.713652456798364,0.5646947363197198,0.598722392883795,0.5988051698515622,0.5988552978400096,0.6187658761633198,0.5839821211363656,0.6167606054574528,0.5843994627649313,0.7634362252661144,0.3819952024880931
0.6825,18.414927543784003,17.377432813853748,17.375288059607378,17.3738232916717,16.819187026125576,17.812213159988747,16.872727110127176,17.801176636518342,17.85439230644085,16.83252879374676,0.5609579497632569,0.5944491404832047,0.5945225175296129,0.5945726410692677,0.614179507246944,0.5799391634950839,0.612230609348256,0.5802987190637978,0.7606373100806761,0.37661872687872033
0.685,18.538787503095268,17.503517496802154,17.501524155553795,17.500061822702087,16.945838513111447,17.937564920505682,16.998646573220842,17.928144663145158,17.98721685866136,16.95339757488381,0.5572101195008188,0.5901670908083054,0.5902343080629329,0.5902836289754891,0.6095891915886844,0.5758864174585401,0.6076954394871397,0.5761890142059906,0.7578236864863306,0.37126768449074427
0.6875,18.664696971854355,17.631639340109846,17.629799276418108,17.628339372047137,17.074523245551916,18.06496531869027,17.126606015899807,18.057169192617913,18.122146386193876,17.07630652329714,0.5534512569680206,0.5858785902284479,0.5859397397574212,0.5859882648038902,0.6049949302503114,0.5718250667944785,0.6031551137691817,0.5720719504706798,0.7549972046229027,0.3659424229604751
0.69,18.792705186927808,17.76184757080529,17.760162696203775,17.758705213747692,17.20529040568906,18.194456460379254,17.256654645231915,18.18827892333609,18.25923151016559,17.201304902552575,0.5496813735568811,0.5815836420631808,0.5816388158543183,0.5816865517877482,0.600396724288031,0.5677553502351054,0.5986096501533814,0.5679481848470177,0.7521577127730007,0.36064328892754866
0.6925,18.922862988411033,17.894230427315865,17.892665291529532,17.891228032087238,17.33819877405879,18.32608919868369,17.388877504491656,18.32152469843711,18.398403761701363,17.32844357927956,0.5459004806157727,0.5772810427338115,0.5773315395828854,0.57737791846784,0.5957942998932292,0.5636772738584058,0.594057896913225,0.5638177045866268,0.7493075146118934,0.35537062800261005
0.695,19.055222885302246,18.0288437849529,18.02735960730954,18.025963850090445,17.47341653786781,18.45981293406977,17.52333641247248,18.456778648221825,18.53970839010355,17.45783346705136,0.5421085894496558,0.5729707419519352,0.5730179141604023,0.5730622831548711,0.5911837549121071,0.559593969716495,0.5894996110813394,0.5596859667055291,0.7464465434860856,0.350122443135436
0.6975,19.189839124431955,18.165702112246667,18.16429992569043,18.16294618751288,17.610875973797626,18.595780635909286,17.660042803856086,18.59426032876597,18.683325420224243,17.589471170210206,0.5383057113203278,0.5686540457489878,0.5686979427921638,0.5687403295343092,0.5865693458615864,0.5555023584249164,0.5849362945906583,0.5555477775052515,0.7435720754032833,0.3449014958916491
0.7,19.326767762847304,18.304861474035565,18.303542338435243,18.302231149737302,17.750633113238663,18.73405144805672,17.79905272414729,18.734037763880313,18.829312296588107,17.723412061895058,0.5344918574464279,0.5643309573608375,0.5643716286714752,0.5644120607748018,0.5819510737504763,0.5514023503480625,0.5803679645257573,0.5514027531169226,0.7406839457772599,0.3397081556940343
