r,a_yield,a_base,a_base_k2,a_base_k5,a_abar5,a_abar20,a_tau05,a_tau2,a_eta05,a_eta2,v_yield,v_base,v_base_k2,v_base_k5,v_abar5,v_abar20,v_tau05,v_tau2,v_eta05,v_eta2
0.0,12.329999998227883,13.346445271468072,13.226467877794432,13.109821069322788,13.535536018691705,13.112895154588747,13.515126788987736,13.20319400709756,13.419995110894451,13.238315727591432,1.000000000143724,0.9238414985568464,0.9322216720233004,0.9405162690475171,0.9109354799819573,0.9402957817202726,0.9123110861265918,0.9338649415718527,0.958529226519826,0.8674824233215018
0.0025,12.329999998227883,13.346445271468074,13.226119913633772,13.108310271272616,13.535536018691705,13.112895154588747,13.515126788987736,13.20319400709756,13.419995110894451,13.238315727591432,1.000000000143724,0.9238414985568462,0.9322461977144156,0.9406246682321584,0.9109354799819573,0.9402957817202726,0.9123110861265918,0.9338649415718527,0.958529226519826,0.8674824233215018
0.005,12.329999998227883,13.346445271468074,13.225772136636921,13.106795065395167,13.535536018691705,13.112895154588747,13.515126788987736,13.20319400709756,13.419995110894451,13.238315727591432,1.000000000143724,0.9238414985568462,0.9322707115030715,0.9407334087761793,0.9109354799819573,0.9402957817202726,0.9123110861265918,0.9338649415718527,0.958529226519826,0.8674824233215018
0.0075,12.329999998227883,13.346445271468072,13.225424546646247,13.105275434154805,13.535536018691705,13.112895154588747,13.515126788987736,13.20319400709756,13.419995110894451,13.238315727591432,1.000000000143724,0.9238414985568464,0.9322952133983998,0.9408424921666053,0.9109354799819573,0.9402957817202726,0.9123110861265918,0.9338649415718527,0.958529226519826,0.8674824233215018
0.01,12.329999998227883,13.346445271468072,13.225077143504299,13.103751359936838,13.535536018691705,13.112895154588747,13.515126788987736,13.20319400709756,13.419995110894451,13.238315727591432,1.000000000143724,0.9238414985568464,0.9323197034095237,0.940951919898107,0.9109354799819573,0.9402957817202726,0.9123110861265918,0.9338649415718527,0.958529226519826,0.8674824233215018
0.0125,12.329999998227883,13.346445271468072,13.224729927053808,13.102222825047201,13.535536018691705,13.112895154588747,13.515126788987736,13.20319400709756,13.419995110894451,13.238315727591432,1.000000000143724,0.9238414985568464,0.9323441815455559,0.941061693473037,0.9109354799819573,0.9402957817202726,0.9123110861265918,0.9338649415718527,0.958529226519826,0.8674824233215018
0.015,12.329999998227883,13.346445271468072,13.22437632707809,13.100779649085723,13.535536018691705,13.112895154588747,13.515126788987736,13.20319400709756,13.419995110894451,13.238315727591432,1.000000000143724,0.9238414985568464,0.9323691110296992,0.9411653604036065,0.9109354799819573,0.9402957817202726,0.9123110861265918,0.9338649415718527,0.958529226519826,0.8674824233215018
0.0175,12.329999998227883,13.346445271468072,13.224022873314487,13.099333357952817,13.535536018691705,13.112895154588747,13.515126788987736,13.20319400709756,13.419995110894451,13.238315727591432,1.000000000143724,0.9238414985568464,0.9323940315379682,0.9412692740210521,0.9109354799819573,0.9402957817202726,0.9123110861265918,0.9338649415718527,0.958529226519826,0.8674824233215018
0.02,12.329999998227883,13.346445271468072,13.22366956566818,13.097883942855923,13.535536018691705,13.112895154588747,13.515126788987736,13.20319400709756,13.419995110894451,13.238315727591432,1.000000000143724,0.9238414985568464,0.9324189430755013,0.9413734351131767,0.9109354799819573,0.9402957817202726,0.9123110861265918,0.9338649415718527,0.958529226519826,0.8674824233215018
0.0225,12.329999998227883,13.346445271468072,13.223316404044432,13.096431394977598,13.535536018691705,13.112895154588747,13.515126788987736,13.20319400709756,13.419995110894451,13.238315727591432,1.000000000143724,0.9238414985568464,0.9324438456474348,0.9414778444705539,0.9109354799819573,0.9402957817202726,0.9123110861265918,0.9338649415718527,0.958529226519826,0.8674824233215018
0.025,12.329999998227883,13.346445271468072,13.222963388348594,13.094975705475468,13.535536018691705,13.112895154588747,13.515126788987736,13.20319400709756,13.419995110894451,13.238315727591432,1.000000000143724,0.9238414985568464,0.9324687392588995,0.9415825028865381,0.9109354799819573,0.9402957817202726,0.9123110861265918,0.9338649415718527,0.958529226519826,0.8674824233215018
0.0275,12.329999998227883,13.346445271468074,13.222670377393822,13.093749400085677,13.535536018691705,13.112895154588747,13.515126788987736,13.20319400709756,13.419995110894451,13.238315727591432,1.000000000143724,0.9238414985568462,0.9324894025249257,0.9416706875357885,0.9109354799819573,0.9402957817202726,0.9123110861265918,0.9338649415718527,0.958529226519826,0.8674824233215018
0.03,12.329999998227883,13.346445271468072,13.22237730338928,13.092522816891435,13.535536018691705,13.112895154588747,13.515126788987736,13.20319400709756,13.419995110894451,13.238315727591432,1.000000000143724,0.9238414985568464,0.9325100711533517,0.941758908687357,0.9109354799819573,0.9402957817202726,0.9123110861265918,0.9338649415718527,0.958529226519826,0.8674824233215018
0.0325,12.329999998227883,13.346445271468072,13.222084166320453,13.091295956107812,13.535536018691705,13.112895154588747,13.515126788987736,13.20319400709756,13.419995110894451,13.238315727591432,1.000000000143724,0.9238414985568464,0.9325307451458533,0.9418471663416466,0.9109354799819573,0.9402957817202726,0.9123110861265918,0.9338649415718527,0.958529226519826,0.8674824233215018
0.035,12.329999998227883,13.346445271468072,13.221790966172838,13.0900688179506,13.535536018691705,13.112895154588747,13.515126788987736,13.20319400709756,13.419995110894451,13.238315727591432,1.000000000143724,0.9238414985568464,0.9325514245041059,0.9419354604990076,0.9109354799819573,0.9402957817202726,0.9123110861265918,0.9338649415718527,0.958529226519826,0.8674824233215018
0.0375,12.329999998227883,13.346445271468072,13.22149770293193,13.088841402636314,13.535536018691705,13.112895154588747,13.515126788987736,13.20319400709756,13.419995110894451,13.238315727591432,1.000000000143724,0.9238414985568464,0.9325721092297857,0.9420237911597377,0.9109354799819573,0.9402957817202726,0.9123110861265918,0.9338649415718527,0.958529226519826,0.8674824233215018
0.04,12.329999998227883,13.346445271468072,13.221086782349179,13.087288764041464,13.535536018691701,13.112895154588747,13.515126788987727,13.20319400709756,13.419995110894451,13.238315727591432,1.000000000143724,0.9238414985568464,0.9326010942202705,0.9421355501742894,0.9109354799819576,0.9402957817202726,0.9123110861265924,0.9338649415718527,0.958529226519826,0.8674824233215018
0.0425,12.329999998227883,13.346445271468072,13.220675829984357,13.08573462196962,13.5355360186917,13.112895154588747,13.515126788987725,13.20319400709756,13.419995110894451,13.238315727591432,1.000000000143724,0.9238414985568464,0.9326300832545705,0.9422474439684252,0.9109354799819578,0.9402957817202726,0.9123110861265926,0.9338649415718527,0.958529226519826,0.8674824233215018
0.045,12.329999998227883,13.346445271468072,13.220264845843424,13.084178975209829,13.535536018691696,13.112895154588747,13.515126788987716,13.20319400709756,13.419995110894451,13.238315727591432,1.000000000143724,0.9238414985568464,0.9326590763328519,0.9423594727159612,0.9109354799819579,0.9402957817202726,0.9123110861265932,0.9338649415718527,0.958529226519826,0.8674824233215018
0.0475,12.329999998227883,13.346445271468072,13.219853829932335,13.082621822554003,13.535536018691694,13.112895154588747,13.515126788987711,13.20319400709756,13.419995110894451,13.238315727591432,1.000000000143724,0.9238414985568464,0.9326880734552805,0.9424716365907245,0.9109354799819581,0.9402957817202726,0.9123110861265935,0.9338649415718527,0.958529226519826,0.8674824233215018
0.05,12.329999998227883,13.346445271468072,13.21944278225706,13.08106316279694,13.53553601869169,13.112895154588747,13.515126788987706,13.20319400709756,13.419995110894451,13.238315727591432,1.000000000143724,0.9238414985568464,0.9327170746220212,0.9425839357665519,0.9109354799819583,0.9402957817202726,0.912311086126594,0.9338649415718527,0.958529226519826,0.8674824233215018
0.0525,12.329999998227883,13.34641068323176,13.218827888024318,13.079486193412167,13.53549620295145,13.112871397387318,13.515088205009537,13.20316807842766,13.419957818818501,13.238289068886939,1.000000000143724,0.9238438927622117,0.9327604613999433,0.9426975813629691,0.9109381595712326,0.9402974852980482,0.9123136906668304,0.9338667755162257,0.9585305583243057,0.8674859171235698
0.055,12.329999998227883,13.346376095131138,13.218213113585403,13.077905420448433,13.535456387298591,13.112847640295161,13.515049621079243,13.203142149850128,13.419920526894483,13.238262410256471,1.000000000143724,0.9238462869705941,0.932803843760658,0.942811528574062,0.9109408391703904,0.9402991888741613,0.9123162952187066,0.9338686094612683,0.9585318901289109,0.867489410937043
0.0575,12.329999998227883,13.346341507166212,13.217598458917475,13.07632082501807,13.53541657173312,13.11282388331228,13.515011037196818,13.203116221364963,13.419883235122395,13.238235751700026,1.000000000143724,0.9238486811819931,0.9328472217039818,0.9429257789706272,0.9109435187794317,0.940300892448611,0.912318899782223,0.9338704434069808,0.9585332219336414,0.8674929047619221
0.06,12.329999998227883,13.346306919336987,13.216983923997688,13.074732397341496,13.535376756255035,13.112800126438673,13.514972453362267,13.203090292972167,13.419845943502247,13.238209093217609,1.000000000143724,0.9238510753964083,0.9328905952297318,0.943040333468475,0.9109461983983562,0.9403025960213979,0.9123215043573789,0.9338722773533632,0.958534553738497,0.867496398598206
0.0625,12.329999998227883,13.34627233164346,13.216369508803204,13.073140125314298,13.535336940864342,13.112776369674343,13.514933869575597,13.203064364671741,13.41980865203404,13.238182434809218,1.000000000143724,0.9238534696138396,0.9329339643377246,0.9431551931524613,0.910948878027164,0.9403042995925216,0.9123241089441745,0.933874111300415,0.9585358855434777,0.8674998924458958
0.065,12.329999998227883,13.346238867408692,13.2159694177298,13.071543996793805,13.535313474787019,13.112721642341421,13.514909554834558,13.203018682137513,13.419778056590376,13.23814108367226,1.000000000143724,0.9238557860754064,0.9329622073321965,0.9432703591116939,0.9109504573327966,0.9403082240521305,0.9123257503110191,0.9338773425111767,0.9585369782148262,0.8675053119625273
0.0675,12.329999998227883,13.34620539867058,13.215568498054363,13.069943999599017,13.535290005002231,13.112666899982786,13.514885236359353,13.202972985672254,13.419747456684568,13.23809971948112,1.000000000143724,0.9238581028603228,0.932990510534243,0.9433858324395484,0.910952036893425,0.9403121496219954,0.9123273919358461,0.9338805747296767,0.9585380710492711,0.8675107332408623
0.07,12.329999998227883,13.346171925428246,13.215166747264679,13.068340121510627,13.53526653150911,13.112612142592518,13.514860914149127,13.20292727526973,13.41971685231567,13.238058342229694,1.000000000143724,0.923860419968654,0.9330188741320352,0.9435016142336766,0.9109536167091105,0.9403160763025675,0.9123290338187159,0.9338838079563764,0.958539164046848,0.8675161562817482
0.0725,12.329999998227883,13.346138447680811,13.214764162838671,13.066732350270968,13.53524305430678,13.11255737016469,13.514836588203021,13.202881550923706,13.419686243482726,13.238016951911897,1.000000000143724,0.923862737400466,0.9330472983145076,0.9436177055960214,0.9109551967799142,0.9403200040942996,0.912330675959689,0.9338870421917375,0.9585402572075926,0.8675215810860326
0.075,12.329999998227883,13.346104965427397,13.214360742244354,13.065120673584005,13.535219573394377,13.11250258269338,13.514812258520184,13.202835812627942,13.419655630184787,13.237975548521625,1.000000000143724,0.923865055155824,0.9330757832713628,0.943734107632827,0.9109567771058973,0.9403239329976435,0.9123323183588259,0.9338902774362223,0.9585413505315405,0.867527007654563
0.0775,12.329999998227883,13.345998955070746,13.213633091128143,13.06337653238952,13.535067409071344,13.11244160964448,13.514667951714276,13.20276457302271,13.419530357397532,13.237900425690322,1.000000000143724,0.9238723936296487,0.9331271660841386,0.9438601091707662,0.9109670182903045,0.9403283055179459,0.9123420600530546,0.9338953165304457,0.9585458245654017,0.8675368538186627
0.08,12.329999998227883,13.345892975323197,13.212905773788172,13.061629110810635,13.534915294495661,13.112380643113244,13.514523690124406,13.202693341508464,13.419405123699354,13.237825311463276,1.000000000143724,0.9238797301011177,0.9331785309829662,0.9439863814380479,0.9109772563567003,0.9403326776115091,0.9123517989028364,0.9339003551067288,0.9585502972658423,0.8675466990226224
0.0825,12.329999998227883,13.345787026171068,13.212178789994242,13.059878401542008,13.534763229642484,13.112319683098555,13.514379473729129,13.20262211808374,13.419279929071356,13.237750205838944,1.000000000143724,0.9238870645710806,0.9332298779772548,0.9441129251666056,0.9109874913065391,0.9403370492784014,0.9123615349094297,0.9339053931651575,0.9585547686334799,0.8675565432665905
0.085,12.329999998227883,13.345681107600683,13.211452139516359,13.058124397268822,13.534611214486988,13.112258729599297,13.514235302507013,13.20255090274708,13.41915477349466,13.237675108815791,1.000000000143724,0.9238943970403858,0.9332812070764065,0.9442397410901435,0.910997723141274,0.9403414205186902,0.9123712680740931,0.9339104307058171,0.9585592386689316,0.867566386550714
0.0875,12.329999998227883,13.345575219598372,13.210725822124731,13.056367090666873,13.534459249004355,13.112197782614347,13.514091176436635,13.202479695497022,13.419029656950396,13.237600020392277,1.000000000143724,0.9239017275098814,0.9333325182898179,0.9443668299441346,0.9110079518623575,0.9403457913324436,0.9123809983980844,0.9339154677287934,0.9585637073728144,0.8675762288751413
0.09,12.329999998227883,13.345237925843534,13.209747657495166,13.054165748493348,13.534191296328721,13.11202229598206,13.513818931247593,13.202260064978041,13.41870982492899,13.237362962231671,1.000000000143724,0.9239250786321695,0.9334016303486312,0.9445260798395386,0.9110259881833228,0.9403583765853039,0.9123993789416339,0.9339310041852676,0.9585751308831735,0.8676073027177413
0.0925,12.329999998227883,13.34490027147025,13.208767893121944,13.051967738842169,13.53392300594964,13.111846915343259,13.513546352041523,13.202040578025956,13.418389622185659,13.237126061564966,1.000000000143724,0.9239484559026654,0.9334708656982657,0.9446851422491935,0.9110440479511825,0.9403709545732756,0.9124177827781881,0.9339465310023801,0.958586568043822,0.8676383575836857
0.095,12.329999998227883,13.344562255924721,13.207786525453743,13.049773054043984,13.53365437723676,13.111671640597539,13.513273438208559,13.201821234206468,13.418069048098365,13.236889318230649,1.000000000143724,0.9239718593635937,0.9335402246423279,0.9448440175117886,0.911062131211118,0.9403835253029632,0.9124362099517002,0.9339620482098678,0.9585980188784253,0.8676693934909426
0.0975,12.329999998227883,13.34422387865207,13.206803550930434,13.047581686452677,13.53338540955818,13.111496471644626,13.513000189137376,13.201602033374474,13.417748102043753,13.236652732067428,1.000000000143724,0.9239952890572667,0.933609707485301,0.9450027059652177,0.9110802380084241,0.9403960887809627,0.9124546605062325,0.9339775558170129,0.9586094834107016,0.8677004104574575
0.1,12.329999998227883,13.343885139096361,13.205818965983077,13.045393628445279,13.533116102280449,13.111321408384388,13.512726604215164,13.201382975074797,13.417426783397119,13.23641630291423,1.000000000143724,0.9240187450260814,0.9336793145325479,0.9451612079465832,0.9110983683885108,0.9404086450138617,0.9124731344859576,0.9339930538550366,0.9586209616644218,0.8677314085011533
0.1025,12.329999998227883,13.34357224442661,13.204684213260562,13.04261466917009,13.532740623202471,13.111045525658241,13.512364327151058,13.201109869598119,13.417083866541432,13.236146694779901,1.000000000143724,0.9240404124277917,0.933759550843164,0.9453625912253194,0.9111236477007235,0.9404284331001873,0.9124975986049105,0.9340123763681213,0.9586332119115263,0.8677667586425785
0.105,12.329999998227883,13.343259404284987,13.203549469080395,13.03983313639302,13.532365211880798,13.11076950050521,13.512002110380866,13.200836604551021,13.416741013854516,13.235876921845147,1.000000000143724,0.9240620770694457,0.9338398003411095,0.9455642469525213,0.9111489238536676,0.940448232235711,0.9125220599638029,0.934031710971197,0.9586454603358061,0.8678021325542958
0.1075,12.329999998227883,13.342946618657495,13.202414733600529,13.037049031109445,13.53198986829756,13.1104933328303,13.511639953890322,13.200563179804679,13.41639822531887,13.235606983967562,1.000000000143724,0.924083738951553,0.9339200630184562,0.9457661753497849,0.9111741968479038,0.9404680424285904,0.9125465185630481,0.9340510576748317,0.958657706937653,0.8678375302591204
0.11,12.329999998227883,13.34263388753014,13.201280006979069,13.034262354345316,13.53161459243489,13.110217022538443,13.511277857665169,13.200289595230135,13.416055500917,13.235336881004606,1.000000000143724,0.9241053980746233,0.9340003388672573,0.9459683766369386,0.9111994666839922,0.9404878636869906,0.9125709744030605,0.934070416489604,0.9586699517174583,0.8678729517798925
0.1125,12.329999998227883,13.342321210888935,13.20014528937428,13.031473107157353,13.531239384274931,13.109940569534514,13.510915821691146,13.200015850698325,13.415712840631416,13.235066612813567,1.000000000143724,0.9241270544391661,0.934080627879549,0.9461708510320235,0.9112247333624938,0.9405076960190821,0.9125954274842536,0.9340897874261038,0.9586821946756136,0.8679083971394821
0.115,12.329999998227883,13.341766924962645,13.199015782304446,13.028735400855517,13.530600969350798,13.109602385916233,13.510297135543706,13.199628013027134,13.415115128576893,13.234660335723456,1.000000000143724,0.9241654474513705,0.9341605619208736,0.94636966832486,0.9112677277180539,0.940531957952152,0.9126372185820762,0.934117233291054,0.9587035515374879,0.8679616839940524
0.1175,12.329999998227883,13.341212674083474,13.197885293401246,13.025999157347359,13.529962577036777,13.109264352966981,13.509678461802139,13.199240356893712,13.41451745579359,13.234254249113336,1.000000000143724,0.9242038412259294,0.9342405791452683,0.9465684628917866,0.9113107246081101,0.940556210326889,0.912679012669501,0.9341446679210046,0.9587249084234047,0.8680149507696456
0.12,12.329999998227883,13.340658458262473,13.19675382173946,13.023264377489733,13.529324207343185,13.108926470578409,13.50905980047493,13.198852882161964,13.413919822295691,13.233848352843273,1.000000000143724,0.9242422357618693,0.9343206796574755,0.9467672345892005,0.9113537240321109,0.9405804531494911,0.9127208097462506,0.9341720913234662,0.9587462653327349,0.8680681974783219
0.1225,12.329999998227883,13.34010427751069,13.195621366393894,13.02053106213885,13.52868586028034,13.108588738642268,13.508441151570572,13.198465588695923,13.413322228097387,13.233442646773469,1.000000000143724,0.924280631058217,0.9344008635623308,0.9469659832733872,0.911396725989504,0.9406046864261521,0.9127626098120464,0.9341995035059426,0.9587676222648486,0.8681214241321309
0.125,12.329999998227883,13.339550131839173,13.194487926439374,13.0177992121503,13.528047535858567,13.108251157050427,13.507822515097562,13.19807847635978,13.412724673212873,13.23303713076427,1.000000000143724,0.9243190271139987,0.9344811309647647,0.9471647088005217,0.9114397304797368,0.9406289101630588,0.9128044128666096,0.9342269044759303,0.958788979219116,0.8681746307431131
0.1275,12.329999998227883,13.338549977345071,13.192752086098375,13.014325915302974,13.527000653427915,13.107679213667097,13.506796965327927,13.197403038480344,13.41168440838618,13.232322116589268,1.000000000143724,0.9243883346347205,0.9346040856018597,0.9474174905595145,0.9115102686769974,0.9406699537736452,0.9128737206645827,0.9342747178402286,0.9588261622858059,0.8682684576516978
0.13,12.329999998227883,13.337548966764976,13.191015514149573,13.010851646577029,13.525952661454472,13.107107930049944,13.505770338432429,13.196728432007873,13.410643174289499,13.231607992501038,1.000000000143724,0.924457711887272,0.9347271244411781,0.9476704780692697,0.9115808925708698,0.9407109536140836,0.9129431117981753,0.9343224772356704,0.958863384330339,0.8683621829424455
0.1325,12.329999998227883,13.336547099251597,13.189278210938415,13.007376412374363,13.524903558327392,13.106537304982934,13.504742632810181,13.196054655323547,13.40960096985158,13.230894756772358,1.000000000143724,0.9245271589594519,0.9348502475119691,0.9479236710848198,0.9116516023072356,0.9407519097597422,0.9130125864112278,0.9343701827595747,0.9589006454039647,0.8684558067886349
0.135,12.329999998227883,13.335544373957301,13.18754017681331,13.003900219129264,13.523853342433231,13.10596733725315,13.503713846857512,13.195381706812897,13.408557794000517,13.23018240768059,1.000000000143724,0.9245966759391534,0.9349734548433029,0.948177069358166,0.9117223980322732,0.9407928222858075,0.913082144647885,0.9344178345090166,0.9589379455579891,0.8685493293631352
0.1375,12.329999998227883,13.334540790034119,13.185801412125612,13.000423073308484,13.522802012155942,13.10539802565077,13.50268397896797,13.194709584865796,13.40751364566376,13.229470943507666,1.000000000143724,0.9246662629143639,0.93509674646407,0.9484306726382661,0.9117932798924582,0.9408336912672848,0.9131517866525971,0.9344654325808269,0.9589752848437759,0.8686427508384095
0.14,12.329999998227883,13.333292465338383,13.18355840948331,12.995917726424663,13.521408193845613,13.10454670446672,13.50132839503844,13.193780429273472,13.406183648608378,13.228515471679003,1.000000000143724,0.9247528344595626,0.9352558404209503,0.948759468900711,0.9118872696715203,0.9408948114013959,0.9132434705114729,0.9345312411477626,0.9590228525448753,0.8687682363704431
0.1425,12.329999998227883,13.332043800276033,13.18131262842082,12.991408280186437,13.520013815322576,13.103695524030845,13.499972240693628,13.192851392538692,13.404853250668314,13.227560095315638,1.000000000143724,0.9248394458278568,0.9354151856936261,0.9490887926911535,0.9119813166186336,0.9409559293703088,0.9133352113742187,0.9345970505643166,0.959070441666076,0.8688937365543297
0.145,12.329999998227883,13.330794794986012,13.179064066171392,12.98689474675422,13.518618876449121,13.102844484387461,13.498615515710672,13.191922474696696,13.40352245199613,13.22660481446863,1.000000000143724,0.9249260970274308,0.935574782707764,0.949418643981973,0.912075420772471,0.9410170451684492,0.9134270092847262,0.9346628608263927,0.9591180522100816,0.8690192513830639
0.1475,12.329999998227883,13.32960959462707,13.176812719978459,12.982377138448301,13.517223377088019,13.101993585580878,13.497258219867037,13.19099367578272,13.402191252745288,13.225649629189066,1.000000000143724,0.9250083367010242,0.9357346318890504,0.9497490227335765,0.9121695821717063,0.9410781587902407,0.9135188642869028,0.9347286719298931,0.9591656841795656,0.86914478084963
0.15,12.329999998227883,13.328536532906002,13.174558587095738,12.977855467749771,13.515827317102538,13.101142827655387,13.495900352940538,13.190064995832005,13.400859653070144,13.224694539528048,1.000000000143724,0.9250828078205903,0.9358947336631855,0.9500799288942842,0.9122638008550148,0.9411392702301076,0.9136107764246713,0.9347944838707178,0.9592133375771719,0.8692703249470031
0.1525,12.329999998227883,13.327282831546885,13.172048278957096,12.97313511031549,13.513998982770298,13.100020054356712,13.49414346214129,13.188894344190585,13.399235625829814,13.223512597394102,1.000000000143724,0.9251698306284738,0.9360730950020656,0.9504256214980674,0.9123872227399277,0.9412199331633371,0.91372972538736,0.934877456610386,0.9592714655716977,0.8694257258863456
0.155,12.329999998227883,13.326027489885254,13.169529869957788,12.968425675633203,13.512173758901277,13.09889625258891,13.492389395629322,13.187722426211327,13.397614320358553,13.222329295473934,1.000000000143724,0.9252569837004119,0.9362521002459688,0.950770764963957,0.9125104679680047,0.9413006838315142,0.9138485140366713,0.9349605338593906,0.9593295066896387,0.8695813473570609
0.1575,12.329999998227883,13.3247705075282,13.167003326402469,12.963727129729282,13.510351637388352,13.097771421541665,13.49063814657058,13.186549250325545,13.395995729527804,13.221144631826586,1.000000000143724,0.9253442671326927,0.9364317524911603,0.9511153603136264,0.9126335369301666,0.9413815223344846,0.9139671426984629,0.9350437150716744,0.9593874611363887,0.8697371897735017
0.16,12.329999998227883,13.323511879778271,13.164468614463813,12.95903943876102,13.508532610152715,13.096645560405943,13.488889708153062,13.18537480996356,13.39437984623421,13.21995860450896,1.000000000143724,0.9254316813207356,0.9366120548499025,0.951459408567001,0.9127564300161694,0.9414624487720975,0.9140856116977072,0.9351270007647264,0.959445329116683,0.8698932535508535
0.1625,12.329999998227883,13.322251604587553,13.16192570018261,12.954362569016023,13.506716669143776,13.095518668374021,13.487144073586757,13.184199103554745,13.392766663399511,13.218771211575826,1.000000000143724,0.925519226476261,0.9367930104505094,0.9518029107422574,0.9128791476146089,0.9415434632442039,0.9142039213584949,0.935210391101843,0.9595031108345994,0.870049539105134
0.165,12.329999998227883,13.320620086491425,13.158791867606713,12.947919958760282,13.504481649123168,13.09389416088616,13.484985833840508,13.182566840715234,13.390727525154276,13.217149017223868,1.000000000143724,0.9256325846650321,0.9370161124254145,0.952276507676261,0.9130302310270882,0.9416602768053486,0.9143502375106634,0.9353261886689604,0.95957616455799,0.8702631216348006
0.1675,12.329999998227883,13.318982768178394,13.155646505172115,12.94144388668019,13.502249046793441,13.092265393670676,13.482829748695288,13.180929702106726,13.388690671964376,13.215521736351976,1.000000000143724,0.9257463737740343,0.93724014210571,0.9527530396117923,0.9131812009443101,0.9417774257739085,0.9144964543658317,0.9354423609458504,0.959649153078264,0.870477452895953
0.17,12.329999998227883,13.317339620514765,13.152489559593377,12.934934186094527,13.500018858333357,13.09063235282761,13.480675815100762,13.179287667982607,13.386656106057728,13.213889346728688,1.000000000143724,0.9258605961363475,0.9374651045441463,0.953232526938958,0.9133320574873773,0.9418949113895698,0.9146425720132071,0.9355589096028428,0.9597220762658408,0.8706925365997449
0.1725,12.329999998227883,13.315690614188473,13.14932097737858,12.928390691166433,13.497791079929595,13.088995024418193,13.478524030012592,13.177640718505982,13.384623819071248,13.212251826007176,1.000000000143724,0.9259752541007392,0.9376910048216103,0.9537149900973139,0.9134828007772301,0.9420127348965868,0.9147885905418741,0.9356758363190462,0.9597949343708245,0.8709083764799739
0.175,12.329999998227883,13.314035718495838,13.146140704830309,12.921813236976263,13.495565707776716,13.087353394464952,13.476374390392404,13.175988833749312,13.382593805239898,13.21060915172465,1.000000000143724,0.9260903501160948,0.937917848047189,0.9542004495713676,0.9136334309346462,0.9421308975437875,0.9149345100407956,0.9357931427823941,0.9598677275504431,0.8711249762932385
0.1775,12.329999998227883,13.31170023429841,13.142640654127838,12.914717278296628,13.49267501626744,13.085369161290917,13.47355116628972,13.173878939446443,13.37978271510035,13.208461530612482,1.000000000143724,0.9262528289384853,0.9381676273806814,0.9547247325902166,0.9138291691702601,0.9422737599543276,0.9151262238012766,0.9359430169864683,0.9599685562802424,0.8714082793078411
0.18,12.329999998227883,13.309361640740608,13.139135441266697,12.90759934581011,13.489778820937538,13.083383255081149,13.47072254436247,13.171766814650812,13.376967083090271,13.20631141045347,1.000000000143724,0.9264155812144488,0.9384179084777976,0.9552512182679729,0.9140253642159469,0.9424167862094415,0.9153183846964567,0.9360930977221276,0.9600695797769712,0.8716920504492186
0.1825,12.329999998227883,13.307019935143071,13.13562506344607,12.900459445594665,13.486877108665475,13.081395676210015,13.467888510834616,13.169652457803563,13.374146902751786,13.204158788693428,1.000000000143724,0.92657860738881,0.9386686922354405,0.9557799124906773,0.9142220174956465,0.9425599764116521,0.9155109941755747,0.9362433852758176,0.9601707984435608,0.8719762906282129
0.185,12.329999998227883,13.304675113621531,13.132109517936305,12.89329757058213,13.48396986630729,13.0794064250649,13.465049051898303,13.167535867353905,13.371322167647767,13.202003662784284,1.000000000143724,0.9267419079911509,0.9389199795477828,0.9563108221540334,0.9144191304379325,0.9427033306627154,0.9157040536931216,0.936393879933876,0.9602722126829155,0.8722610007567846
0.1875,12.329999998227883,13.302327172299059,13.128588802079715,12.8861137193927,13.481057080696775,13.077415502046296,13.46220415371396,13.16541704175921,13.36849287136225,13.199846030184142,1.000000000143724,0.9269054835514912,0.9391717713062038,0.9568439537705004,0.91461670447602,0.942846849063613,0.9158975647088512,0.9365445819825259,0.9603738228978992,0.8725461817480082
0.19,12.329999998227883,13.298841779293106,13.12366676583635,12.878060616515127,13.476663363479174,13.074785250887794,13.457912154329064,13.162488229910362,13.364222990063615,13.196809795674502,1.000000000143724,0.927148409209467,0.9395240080384828,0.957442301846888,0.914914891575718,0.94303652131975,0.9161896628990668,0.9367529744096088,0.96052723079668,0.8729477272170717
0.1925,12.329999998227883,13.295362268070434,13.118739029889168,12.869999246723015,13.472256710311365,13.072159142896236,13.453607464954004,13.159563991591208,13.359942456433291,13.193778143831858,1.000000000143724,0.9273910519618703,0.939876917431459,0.9580420141158507,0.9152141519514614,0.9432259709522013,0.9164828119237947,0.9369611339614831,0.9606810952254796,0.8733489432461411
0.195,12.329999998227883,13.291888624580112,13.113805604530276,12.861929704567235,13.467837073473138,13.06953716850325,13.449290035525575,13.156644315875464,13.355651249910638,13.190751064692085,1.000000000143724,0.9276334122450189,0.9402304999656618,0.958643087251647,0.9155144907630139,0.9434151983372839,0.9167770170344286,0.9371690610440844,0.9608354175350784,0.8737498301553352
0.1975,12.329999998227883,13.288420834817419,13.108866500261222,12.853852086011061,13.463404405117673,13.066919318168654,13.444959815803244,13.153729191872134,13.351349344227327,13.187728548319374,1.000000000143724,0.927875490494233,0.9405847561079593,0.9592455178023113,0.915815913196008,0.9436042038505573,0.9170722835115716,0.9373767560623698,0.9609901992854255,0.874150388264535
0.2,12.329999998227883,13.284958884572015,13.103921727794688,12.84576648843826,13.45895865727273,13.064305582380364,13.440616755370133,13.150818608725348,13.347036715673175,13.184710584806137,1.000000000143724,0.9281172871614213,0.9409396863113793,0.9598493021881979,0.9161184244620082,0.9437929878668246,0.917368616665125,0.9375842194203218,0.9611454419485365,0.8745506178933833
0.2025,12.329999998227883,13.281486161713335,13.098742028995503,12.836764677923293,13.454300024068303,13.061516155720684,13.436101029626244,13.14778730318696,13.342727928360084,13.181597033899816,1.000000000143724,0.9283599628740199,0.9413117666342457,0.9605223987010661,0.9164356360377685,0.943994544967102,0.9176769341651032,0.9378003853934621,0.9613006214971898,0.874963812053278
0.205,12.329999998227883,13.278012613992532,13.093559240546593,12.828157450194286,13.44964567672269,13.058726985264673,13.43158884663422,13.144755740475489,13.338423899669607,13.178482882554498,1.000000000143724,0.9286028232121496,0.9416843635470719,0.9611668743443166,0.9167527752303198,0.9441961696506128,0.9179852168486928,0.9380166694184598,0.9614557047278548,0.8753773788797602
0.2075,12.329999998227883,13.274538241718995,13.08837338051342,12.820707802772239,13.44499561291629,13.055938074994119,13.427080205458827,13.141723923688659,13.33412463572315,13.17536813383805,1.000000000143724,0.928845868344368,0.9420574766271168,0.9617253734878716,0.9170698418194245,0.9443978616607794,0.9182934645007328,0.9382330713685528,0.9616106912314039,0.8757913184116023
0.21,12.329999998227883,13.271063052105706,13.08318446713073,12.813247562697324,13.440349830335343,13.053149428897035,13.422575105179604,13.13869185593278,13.329854032531413,13.172252790831184,1.000000000143724,0.9290890979561439,0.9424311054374432,0.9622853175720898,0.917386835584499,0.9445996207401006,0.9186016769049038,0.9384495911160581,0.9617647187551968,0.8762056306853909
0.2125,12.329999998227883,13.267587048592414,13.077992518803331,12.805776789129922,13.435708326671936,13.050361050967613,13.418073544890893,13.135659540322772,13.32616533636179,13.169136856627478,1.000000000143724,0.9293325119964534,0.9428052495268001,0.962846706063643,0.9177037563046129,0.9448014466301526,0.9189098538437218,0.9386662285323683,0.9618978182733161,0.876620315735517
0.215,12.329999998227883,13.263631346802459,13.071890897251098,12.797315209672732,13.430350267925773,13.047124326525225,13.412895785050718,13.132166295683865,13.32199107798827,13.16555800210467,1.000000000143724,0.9296096730683384,0.9432453267027258,0.9634833399024573,0.9180698756194305,0.9450358325269201,0.9192645792225079,0.9389159200681527,0.9620485050408111,0.8770969720221972
0.2175,12.329999998227883,13.259671598171327,13.065772396630196,12.78880653774511,13.4250101981766,13.04388607713514,13.407734259772214,13.128670469252187,13.317812185904035,13.161975980925527,1.000000000143724,0.9298872833095247,0.9436870340080347,0.964124366383135,0.9184350565092809,0.945270445255841,0.9196184650671527,0.9391659291683264,0.9621994300389017,0.8775744394558009
0.22,12.329999998227883,13.255707805178197,13.059636998144667,12.780250570792049,13.419688026548574,13.04064630998183,13.40258889455344,13.12517206475095,13.31362866254691,13.158390795337269,1.000000000143724,0.9301653432028293,0.9441303768053948,0.9647698166559386,0.9187993026072729,0.9455052845472948,0.9199715142356323,0.939416255967686,0.962350593471455,0.8780527191943981
0.2225,12.329999998227883,13.251739970375157,13.05348468376122,12.771647109882247,13.41438366277193,13.03740503229295,13.397459615351057,13.121671085945131,13.30944051044548,13.154802447635245,1.000000000143724,0.9304438532271425,0.9445753604276068,0.9654197218195516,0.9191626175281276,0.9457403501279014,0.9203237295727361,0.9396669005982703,0.9625019955395844,0.8785318123923925
0.225,12.329999998227883,13.247768096387787,13.047315436225587,12.762995959963707,13.40909701717802,13.034162251339406,13.392346348576675,13.11816753664167,13.305247732219883,13.15121094016328,1.000000000143724,0.9307228138573747,0.9450219901763103,0.9660741129024898,0.9195250048682905,0.9459756417205066,0.920675113910149,0.9399178631893395,0.9626536364416145,0.8790117202004588
0.2275,12.329999998227883,13.242711755378533,13.040139401456807,12.752476312820555,13.402470462879377,13.030019151739106,13.385922921173691,13.113697167442389,13.299916050358677,13.146630576102424,1.000000000143724,0.9310781830611214,0.9455420391152052,0.9668710372435021,0.9199796436149752,0.9462764295595317,0.9211169130890896,0.9402382747263609,0.9628465718191431,0.8796243326936518
0.23,12.329999998227883,13.237647830788902,13.032977042677164,12.741922966720908,13.39586129644955,13.025872970540266,13.379514882106688,13.109221844222175,13.29457570831234,13.14204425148873,1.000000000143724,0.9314343573427114,0.9460616679999337,0.9676718366767119,0.920433537429053,0.9465776326765909,0.9215580765555055,0.9405592602305671,0.9630399369132397,0.8802383842959428
0.2325,12.329999998227873,13.232576324990717,13.025828350058882,12.731336045607163,13.389269454974373,13.021723722750385,13.373122183172123,13.10474157354474,13.289226707667195,13.137451969134942,1.0000000001437248,0.9317913380717756,0.9465808752150693,0.9684765177692688,0.9208866877661622,0.9468792505909283,0.9219986051959713,0.9408808201827684,0.9632337323500753,0.8808538780333283
0.235,12.329999998227857,13.227497240572509,13.01869331375817,12.72071568086704,13.382694875832968,13.017571423513893,13.366744776401521,13.100256362101979,13.283869050278133,13.132853731997868,1.0000000001437261,0.9321491266072899,0.9470996591470237,0.9692850865730215,0.9213390960789243,0.947181282810408,0.9224384998932683,0.9412029550558819,0.9634279587481672,0.881470816922723
0.2375,12.329999998227843,13.22241058034202,13.011571923914847,12.710062011491832,13.376137496704915,13.013416088112528,13.360382614059919,13.095766216716184,13.27850273827197,13.128249543179818,1.0000000001437273,0.9325077242973545,0.9476180181840951,0.9700975486076937,0.9217907638163392,0.9474837288314468,0.9228777615264112,0.9415256653147399,0.9636226167182357,0.8820892039716973
0.24,12.329999998227825,13.215395956656268,13.00166172723447,12.698382613383163,13.36734448971888,13.00768508940654,13.351768306690822,13.089573167278463,13.271103530812276,13.121898741842491,1.0000000001437286,0.9330026917422541,0.9483403166975536,0.970989800465225,0.922397115558986,0.9479011765161469,0.9234731847332315,0.94197112789153,0.9638912096837089,0.8829432463693426
0.2425,12.329999998227809,13.20836648307836,12.991792156786744,12.68667180103879,13.358488091620584,13.001948083999851,13.343091786296712,13.083370411051396,13.263687365476013,13.115536265715605,1.0000000001437301,0.9334992344281435,0.949060749371592,0.9718861016795921,0.9230086455468168,0.9483194303146965,0.924073685280562,0.9424177113861248,0.9641606437195157,0.8838001031252903
0.245,12.32999999822779,13.201322166471167,12.9819630118009,12.674929835240695,13.34956770982583,12.996205112802356,13.334352437705835,13.077157969776747,13.256254247217313,13.109162122573837,1.0000000001437317,0.933997356061489,0.9497793198757188,0.9727864501244283,0.9236254137970785,0.9487384888881071,0.9246793241443202,0.9428654168204176,0.9644309205108555,0.8846597824717158
0.2475,12.329999998227771,13.194263014544388,12.972174092684055,12.663156986790703,13.340582746819118,12.990456217245514,13.326141673197819,13.07093585578464,13.248804182043528,13.10277632075157,1.000000000143733,0.9344970603063097,0.9504960318836436,0.9736908428807897,0.9242474810884795,0.949158350853858,0.9252490557562278,0.9433142458994829,0.9647020417124876,0.885522292604211
0.25,12.329999998227752,13.187189035868244,12.962425201012657,12.651353536681164,13.331532601910009,12.984701439284391,13.318479156152005,13.064704091802714,13.241337177033769,13.096378869150705,1.0000000001437346,0.9349983507829644,0.9512108890731921,0.9745992762158264,0.9248749088483255,0.9495790147855356,0.925781379047666,0.943764199583847,0.9649740089479281,0.8863876416803625
0.2525,12.329999998227729,13.179313298401063,12.951550089654903,12.638632472464348,13.322382705108032,12.97851680530153,13.309740701738576,13.05791322033899,13.232943720089294,13.089368042599537,1.0000000001437364,0.9355570901782794,0.9520095984378449,0.9755802320277323,0.9255101187922237,0.9500315163103522,0.9263891969277358,0.9442550116503152,0.9652799946768966,0.8873374162184666
0.255,12.32999999822771,13.171440928368423,12.940654329428302,12.625871251190656,13.313444067850252,12.972338205925318,13.301000307843246,13.051126601293955,13.224553881040432,13.082360088418717,1.0000000001437381,0.9361162584303027,0.9528111706036675,0.9765662705325974,0.9261315056541148,0.9504840071443773,0.9269979486226554,0.9447460266593031,0.9655861395879318,0.8882883280500142
0.2575,12.329999998227684,13.163571972186624,12.929738105281332,12.613070234586615,13.304505154206087,12.966165670644902,13.292258008086774,13.044344257159407,13.216167716696392,13.075355038545702,1.0000000001437401,0.9366758525764979,0.9536156030077391,0.9775573885404679,0.9267537467263104,0.9509364844778154,0.9276076338947563,0.945237242817527,0.9658924416901092,0.8892403742250503
0.26,12.329999998227661,13.15570647676758,12.918801607177613,12.600229800557416,13.295566002637202,12.959999228911101,13.283513835283376,13.037566215105182,13.207785284153125,13.068352925049245,1.000000000143742,0.9372358696033737,0.9544228926891735,0.9785535815747215,0.9273768410877972,0.9513889454942479,0.928218252556739,0.9457286579848465,0.9661988989741024,0.8901935517492701
0.2625,12.329999998227635,13.147844486743102,12.90784503015972,12.587350343498368,13.286626656950368,12.95383891013505,13.274767822748737,13.030792501194528,13.19940664079262,13.061353780129211,1.0000000001437441,0.9377963066442009,0.9552330362806833,0.9795548438332539,0.9280007874346384,0.9518413873707384,0.9288298043804799,0.9462202700925298,0.9665055094121361,0.8911478575837813
0.265,12.329999998227608,13.139006179440038,12.895538548306565,12.573454654529275,13.276728796539256,12.946768722537763,13.265069080316433,13.023080140341852,13.190041800037491,13.053409630211032,1.0000000001437463,0.9384271406534557,0.9561446351241507,0.9806374094297483,0.9286926161521027,0.9523611848055884,0.9295089173938831,0.9467806284785973,0.9668485547308854,0.8922328716304663
0.2675,12.329999998227581,13.130154828876051,12.883190841025408,12.55953936275636,13.266808142496519,12.939695824167133,13.255346448424813,13.015360343093011,13.180661908506494,13.04545538678945,1.0000000001437486,0.9390597567732912,0.9570610380726629,0.9817239027541863,0.9293870739341049,0.9528817498918004,0.9301907006334961,0.9473421922231514,0.9671925177940457,0.8933212508227337
0.27,12.329999998227553,13.121290514190148,12.870802125191078,12.545605085927617,13.256864689735034,12.932620298524489,13.245599900088328,13.007633168168997,13.17126704940184,13.037491102520018,1.0000000001437508,0.9396941548291762,0.9579822516164236,0.982814293575249,0.9300841706219782,0.9534030780604265,0.9308751655648135,0.947904960156223,0.9675373979652606,0.8944130003651416
0.2725,12.329999998227523,13.112413301741594,12.858372625020737,12.5316524560874,13.24689843609789,12.925542229759376,13.235829409784836,12.999898674987312,13.161857308011351,13.029516831089117,1.0000000001437532,0.9403303355578585,0.9589082817531208,0.9839085502255973,0.9307839159089998,0.9539251646721467,0.9315623236187085,0.9484689310481902,0.9678831945291504,0.8955081253289886
0.275,12.32999999822749,13.103523268290532,12.84590259182184,12.51768211966882,13.236909381072898,12.918461702667425,13.226034953507487,12.992156923945561,13.15243277173388,13.021532627225078,1.000000000143756,0.9409682989488486,0.9598391325067122,0.9850066395779521,0.9314863194296954,0.9544480050170433,0.9322521861875267,0.9490341035886695,0.9682299066899114,0.8966066306493479
0.2775,12.329999998227455,13.093532498402421,12.832504604010223,12.502268311239906,13.22547625544753,12.910698350074433,13.21483842625512,12.983583995440389,13.14177278405635,13.012655251479844,1.0000000001437586,0.9416862868369875,0.9608412683636842,0.9862210354992116,0.9322915683222608,0.9550219256674767,0.9330420548693859,0.9496607411582257,0.9686225183584551,0.8978303976416804
0.28,12.329999998227422,13.08355180601719,12.821059562900833,12.486751203934558,13.214048249809071,12.902947503450122,13.203644060143946,12.975021162089984,13.131124018492473,13.003786059399388,1.0000000001437614,0.9424046453753767,0.961698987475125,0.9874465982884991,0.9330978491151003,0.9555956107473179,0.9338331103016404,0.9502874674320695,0.9690151939501225,0.8990555401957107
0.2825,12.329999998227386,13.073581276201981,12.810047071811514,12.471131169893617,13.202625443612298,12.895209206157368,13.192451932480258,12.966468464304597,13.120486580659781,12.994925108178847,1.0000000001437643,0.9431233676149982,0.962525737093671,0.9886833705803432,0.933905157929441,0.956169054947361,0.9346253496397532,0.9509142781585646,0.9694079290212261,0.9002820502841318
0.285,12.329999998227347,13.063620994329403,12.7990130068092,12.45540864630462,13.191207917027938,12.887483501341624,13.181262121901568,12.957925942504653,13.109860576577677,12.986072455202683,1.0000000001437674,0.9438424465431253,0.9633555332305951,0.9899313904612974,0.9347134908004713,0.9567422529554672,0.935418769915277,0.951541169065882,0.9698007190924515,0.9015099197803226
0.2875,12.329999998227304,13.0536710460739,12.787957550619462,12.439584138113718,13.179795750947388,12.879770431927662,13.170074708396484,12.949393637116478,13.099246112661955,12.977228158042978,1.000000000143771,0.9445618750832888,0.9641883741944954,0.9911906911921629,0.935522843676367,0.9573151994569068,0.9362133680334478,0.9521681358622748,0.9701935596489216,0.9027391404579924
0.29,12.329999998227263,13.042239249494264,12.775017438894832,12.422827341409532,13.167043487939761,12.870574528962415,13.15754272801454,12.939366626297508,13.087174337886873,12.966894207345812,1.0000000001437743,0.9453898034019056,0.9651650229815004,0.9925276799831142,0.9364288962281895,0.9579991920526958,0.9371050700635333,0.9529059927045384,0.9706409159027783,0.9041785875504468
0.2925,12.329999998227219,13.030762655165368,12.762045634367988,12.406013463495903,13.1542225612179,12.86136045929696,13.144941116223402,12.9293098923314,13.075051595820025,12.956524778613396,1.0000000001437779,0.9462224373423309,0.9661460516012812,0.993872853377149,0.9373415983056328,0.9586855169032399,0.938003441094338,0.9536471863291898,0.9710907842336868,0.9056264398772517
0.295,12.329999998227171,13.019241295339414,12.749042445541825,12.389143823087082,13.141332639693287,12.852128418835878,13.132269478004046,12.91922351593747,13.062877914702531,12.946119898149938,1.0000000001437817,0.9470597955976015,0.9671314573363619,0.9952261573574706,0.9382610073165133,0.9593741673114115,0.9389085428571343,0.954391723681335,0.9715431729279687,0.9070827405391542
0.2975,12.329999998227123,13.007675210438446,12.736008192089713,12.372219796155694,13.128373396670337,12.84287860800555,13.119527422144492,12.909107580311638,13.050653333099591,12.935679612567402,1.0000000001437857,0.9479018964207667,0.9681212365785158,0.9965875326456121,0.9391871808831379,0.9600651362003958,0.9398204373724738,0.9551396115719986,0.9719980899562908,0.9085475301451442
0.3,12.32999999822707,12.996064449286997,12.72294320505067,12.355242811823413,13.115344510153278,12.833611231788261,13.106714561624717,12.89896217277676,13.038377901167467,12.925203956926467,1.0000000001437899,0.9487487576038035,0.9691153848038335,0.9979569149544145,0.9401201768245353,0.9607584161080991,0.9407391869279836,0.9558908565545254,0.9724555429242134,0.9100208512670609
0.3025,12.329999998227018,12.983801861677225,12.709666133912803,12.336999091635494,13.10156814720762,12.824725353746002,13.093163650561884,12.888254316875821,13.02541119471493,12.914143057180235,1.000000000143794,0.9496448059942307,0.9701277649693919,0.9994326747061008,0.9411087177856593,0.9614240975849437,0.9417128151049167,0.9566850324993318,0.9729394588926638,0.9115803755727403
0.305,12.329999998226961,12.971488987773167,12.696358997275148,12.32004702957698,13.087712739262406,12.816349500203794,13.079532304304456,12.877513323703205,13.012387257835822,12.903042337343368,1.0000000001437988,0.9505462334834628,0.971144562204505,1.0008078678919914,0.9421050297819183,0.9620524159242021,0.9426942579546376,0.9574829930328695,0.9734262386336623,0.9131495483240485
0.3075,12.329999998226901,12.95912590697214,12.683022179981892,12.30388579176491,13.073777910636297,12.80796555177665,13.065820069881617,12.866739308192553,12.999306171885246,12.89190186017758,1.0000000001438036,0.951453060068375,0.972165768144829,1.0021224358448262,0.9431091826922353,0.9626821644823715,0.9436835907776063,0.9582847452383837,0.973915890555912,0.9147284181050896
0.31,12.32999999822684,12.946712710326308,12.669656079495537,12.2876358576564,13.059763292996463,12.799573649629231,13.052026501593222,12.855932391665522,12.986168038228307,12.880721695848809,1.0000000001438085,0.9523653050681802,0.9731913733597525,1.0034477048990023,0.9441212465628828,0.9633133366404878,0.944680889093729,0.9590902957760975,0.9744084223961912,0.9163170328721126
0.3125,12.329999998226773,12.934249500879377,12.656261106094513,12.271298212880016,13.045668525850662,12.79117393616301,13.038151161590289,12.845092701543177,12.972972973730137,12.869501922116841,1.000000000143814,0.9532829870926569,0.9742213673248725,1.0047836655993228,0.9451412915763935,0.9639459256464971,0.9456862286060569,0.9598996509008225,0.9749038413836145,0.9179154399162475
0.315,12.329999998226707,12.92093177254583,12.641423971133541,12.254339039749526,13.030665758908109,12.782157578288308,13.02337304773524,12.833472171150836,12.95889580499138,12.857481440261772,1.0000000001438194,0.9542655450126722,0.975364802901582,1.0061742179651674,0.9462294734688352,0.9646258798235798,0.946759334529251,0.9607688266716606,0.975433213679891,0.919632563708203
0.3175,12.329999998226633,12.907539878992358,12.626577978752563,12.237309067241505,13.015548396934214,12.77312150850899,13.008479064067085,12.82311956664611,12.94473442660874,12.845402000279787,1.0000000001438254,0.9552556192421817,0.9765116107268628,1.0075744538484055,0.9473285046448219,0.9653082836318595,0.9478433212118373,0.9615444928136869,0.9759666237326745,0.9213629680165246
0.32,12.32999999822656,12.894073786970441,12.611723746980747,12.22020979803978,13.000315596651438,12.764065892479573,12.99346826047837,12.813293045331662,12.930488786801936,12.833263585102728,1.0000000001438314,0.9562532527508534,0.977661757216321,1.0089843139990795,0.9484385135370025,0.9659931328985601,0.9489383244582656,0.9622819018013684,0.9765040914951887,0.9231067450895162
0.3225,12.329999998226478,12.880533483606364,12.596861905202534,12.20304281452583,12.984966518147289,12.754990900889073,12.97833969844257,12.803436194788612,12.916158859902227,12.822562535431262,1.0000000001438378,0.9572584874448677,0.9788152075325744,1.0104037318727626,0.9495596298048259,0.9666804230444844,0.9500444807651033,0.9630227239323991,0.9770456361342801,0.9246481426107758
0.325,12.329999998226398,12.866918977291805,12.581993094199806,12.185809780418785,12.96950034853056,12.745896708131244,12.963092450191535,12.79354906959814,12.901744647462495,12.81237095177997,1.0000000001438445,0.9582713640896172,0.9799719255675022,1.011832633380911,0.9506919826249886,0.9673701491817422,0.9511619274008818,0.9637669682527976,0.9775912759822497,0.9261197479733625
0.3275,12.329999998226311,12.85267071577103,12.566915874051423,12.169594617505354,12.953383425834296,12.73635088087235,12.94719359024546,12.783186241520458,12.886685703768672,12.801695156194267,1.0000000001438514,0.9593336881236922,0.9811476517845866,1.0131808320273799,0.9518748572985943,0.9680951879645044,0.9523299326650634,0.9645482563612751,0.9781622992100567,0.9276650414031417
0.33,12.329999998226219,12.83831662492222,12.551753803430449,12.153117569617637,12.937104536802288,12.726774909452407,12.93113178549619,12.772779020181904,12.87150677580288,12.79096861843176,1.000000000143859,0.9604062869165062,0.9823328431306674,1.0145544901848529,0.9530726110255001,0.9688236091016494,0.9535128250591004,0.9653341673349016,0.9787388859547993,0.9292215781608576
0.3325,12.329999998226125,12.82501256330771,12.536507225794214,12.136375700138123,12.920661950365448,12.717168968887208,12.914905174566076,12.762327380380325,12.856207469784914,12.780191246428602,1.0000000001438665,0.9614025669866446,0.9835275310678784,1.0159540463022805,0.9542854729398178,0.9695554120705304,0.954710842498638,0.9661247225921388,0.9793210783905217,0.9307894403322546
0.335,12.329999998226025,12.81320495058983,12.521176529039026,12.119366266340059,12.904053942982857,12.707533241878219,12.89851190363018,12.751831309768185,12.840787434834667,12.769362954771468,1.0000000001438747,0.962288517786677,0.9847317439702529,1.0173799296952473,0.9555136745770484,0.9702905957677103,0.9559242253774888,0.966919942750101,0.9799089175103133,0.9323687098624398
0.3375,12.32999999822592,12.801335705255537,12.505762147123791,12.102086742329995,12.88727880104013,12.697867918931872,12.88195012952611,12.741290801369423,12.826199450456082,12.758483666160789,1.0000000001438831,0.96318074018932,0.9859455069546309,1.018832558592794,0.9567574497577289,0.9710291584949156,0.9571532164015282,0.9677198481864006,0.9804660129204326,0.9339594683393813
0.34,12.329999998225812,12.78841738419437,12.488100466498745,12.083963372037463,12.868825752214278,12.687482685395068,12.863730231792545,12.729901406479382,12.812625519960466,12.746701578008665,1.000000000143892,0.9641537048391192,0.9873399107476053,1.020360590345041,0.9581293769463336,0.9718239863447005,0.9585089066565281,0.9685856634933687,0.980985237277187,0.9356868294686893
0.3425,12.329999998225697,12.775462765995652,12.470152494910987,12.065774515746048,12.850189755025243,12.677086176919,12.845324974687362,12.718487881429791,12.799011244067767,12.734889564701374,1.0000000001439013,0.9651313792576393,0.9887609638319834,1.0218987586672643,0.9595189047833464,0.9726209815035465,0.9598822936980693,0.9694548687665127,0.9815068343667077,0.9374233927777103
0.345,12.329999998225576,12.762472115229034,12.45191418319442,12.047522837633514,12.831369212551715,12.666678711544977,12.827454532942179,12.707050434603875,12.785356941475598,12.723047818253317,1.000000000143911,0.9661137661007713,0.9902092014608517,1.0234469082294742,0.9609262889839321,0.9734201269952389,0.9612195442467041,0.9703274621798075,0.9820308015553187,0.9391691845395916
0.3475,12.32999999822545,12.749445708108691,12.433381602540345,12.029211115350693,12.816339362434812,12.656260612086099,12.812872345995007,12.695589280541736,12.771662937940773,12.711176538406615,1.0000000001439213,0.9671008671504893,0.9916851580812718,1.0250048720373246,0.9620531769110069,0.9742214053513929,0.9623134974769383,0.9712034414107844,0.982557135928777,0.9409242300158699
0.35,12.329999998225315,12.736383832730661,12.414550967123509,12.01084224599989,12.801553994600054,12.645832207135696,12.798226672402832,12.684104640221912,12.757929575891946,12.699275932778475,1.0000000001439322,0.9680926832868907,0.993189365660714,1.026572470727971,0.9631643162385626,0.9750247985294728,0.9634147226496242,0.972082803613979,0.9830858339191966,0.9426885534178627
0.3525,12.329999998225176,12.723452673551547,12.397363950195986,11.99336097227188,12.787129946601022,12.635304182280684,12.783924359461501,12.672600422478563,12.744402607978103,12.687392600502884,1.0000000001439435,0.9690765797895863,0.9945662682432647,1.02806878142886,0.9642507780471462,0.9758372115244496,0.9644925652954486,0.9729652627671538,0.9836074214791407,0.9444552722127061
0.355,12.329999998225032,12.710403777918508,12.37996267708474,11.975758110714759,12.772539310891643,12.62471394483179,12.76945519983504,12.66100902435537,12.730745497594317,12.675411452075993,1.0000000001439553,0.9700714639310376,0.9959642303948766,1.0295799135228274,0.9653522842936743,0.976655792272233,0.9655854386144276,0.9738560312437482,0.9841348703384307,0.9462415663741388
0.3575,12.32999999822488,12.697236247769963,12.3623458604841,11.958036132504557,12.757779759280643,12.614061537574573,12.754816825640642,12.649329971021306,12.716957196937706,12.663331808427102,1.0000000001439677,0.9710774659458304,0.9973835175905009,1.0311057654763531,0.9664691061178214,0.9774805651036016,0.9666936161100609,0.9747551868950476,0.9846682475874873,0.9480476807214188
0.36,12.32999999822472,12.683949204869075,12.344512379797965,11.940197715028923,12.742848944962992,12.603347023221358,12.740006843534434,12.637562801435367,12.70303668278262,12.651153003632931,1.0000000001439806,0.9720947159948259,0.9988243861441043,1.0326462169450041,0.9676015193504914,0.9783115530566823,0.967817376507728,0.9756628072779637,0.9852076200020551,0.9498738613288368
0.3625,12.329999998224551,12.670541792739758,12.327033286346511,11.92224574766159,12.727744505460231,12.592570485088464,12.725022855142793,12.625707069272163,12.688982959004196,12.638874386095777,1.0000000001439941,0.9731233440282016,1.0002406672866515,1.03420112795598,0.9687498043907465,0.9791487778131248,0.9689570023064324,0.9765789695856446,0.9857530539494506,0.9517203553823372
0.365,12.329999998224373,12.65650654264861,12.31110535124189,11.90400579952759,12.711960280324611,12.58126389023843,12.70935929574262,12.613274965080315,12.674283856179802,12.626002222427795,1.0000000001440086,0.9742024751025584,1.0015347646063482,1.0357857856965522,0.9699526845662189,0.9800287242656611,0.9701511864669922,0.9775415214633345,0.9863245058344582,0.9536618955051731
0.3675,12.329999998224189,12.642309258218118,12.295044643527381,11.885571740190393,12.69594456070334,12.56987155945302,12.69346439608737,12.60072290408216,12.65940545764467,12.612995684148986,1.0000000001440237,0.9752965022576788,1.002843044290288,1.037392249150859,0.9711762634947212,0.9809169442727815,0.9713660207532149,0.9785152878812645,0.9869039414114652,0.955629744490141
0.37,12.329999998223997,12.627948223701837,12.278851284385475,11.866946175867316,12.679693143672235,12.558393387480052,12.677333925436262,12.588049923207182,12.644345768679678,12.599853467672375,1.0000000001440392,0.9764056505123605,1.0041655945193806,1.0390204705802368,0.9724210089542467,0.9818134867707087,0.9726019739261298,0.9795004051635159,0.987491478478292,0.9576243141661358
0.3725,12.329999998223794,12.613421751885708,12.262525485200355,11.848132119956096,12.663201774662502,12.546829296418707,12.660963610456005,12.57525507955589,12.629102830895276,12.586574287355907,1.0000000001440557,0.9775301454703726,1.0055024974163014,1.0406703668700892,0.9736873990802865,0.9827183991033817,0.9738595243901751,0.9804970095632802,0.9880872346536376,0.9596460197966842
0.375,12.329999998223581,12.598728188357294,12.246067555681062,11.829283549544016,12.646466151157773,12.535179243851385,12.644349140471647,12.562337452418001,12.613674727864863,12.573156878049668,1.000000000144073,0.9786702130294682,1.006853828295272,1.0423285525584753,0.9749759223347304,0.9836317263710428,0.9751391600327225,0.9815052371186477,0.9886913271727218,0.9616952797933432
0.3775,12.329999997852436,12.583418115335856,12.230133513552211,11.81483296056099,12.62896364472602,12.523095266695211,12.626971816592608,12.548906752639748,12.597587361930204,12.55919407201746,1.0000000001741738,0.9798609477160257,1.0081656088494149,1.0436034128589617,0.9763271434508506,0.9845808673827833,0.9764811531294962,0.9825557112699318,0.9893224148592028,0.9638348165999068
0.38,12.330000001781416,12.567930659589496,12.214012280409474,11.800223306922861,12.611196996423537,12.51092213267766,12.609330419474087,12.535346417843341,12.581303270836633,12.545084717506763,0.9999999998555218,0.9810684299560524,1.0094962831973375,1.0448954803055577,0.9777025926640204,0.9855388651005105,0.9778473233564658,0.9836186084533697,0.9899624521609857,0.9660040701067215
0.3825,12.330000000187907,12.552264255579946,12.197702928378671,11.785455022342656,12.593161565084356,12.498659952455519,12.591420350610782,12.521655592180151,12.564820661180242,12.530827594567137,0.9999999999847602,0.9822928954446492,1.010846064410499,1.0462048327048048,0.9791028199134681,0.9865057571694009,0.9792382159175473,0.9846940693449641,0.9906115587969211,0.9682034896702492
0.385,12.330000000000316,12.536417398306233,12.181204648778511,11.770528739204893,12.574852683178909,12.486308881854043,12.57323700930425,12.507833455348589,12.548137818036942,12.516421520366192,0.9999999999999742,0.9835345783609502,1.0122151589692245,1.0475315317766174,0.9805283855526639,0.9874815781562793,0.9806543844576974,0.9857822335112286,0.9912698528086284,0.9704335261370498
0.3875,12.33000000000058,12.520388649864678,12.164516791989536,11.755445300691852,12.556265662448816,12.473869123636074,12.554775804358822,12.493879225472815,12.531253113721924,12.50186535302332,0.9999999999999529,0.9847937108672153,1.013603763375084,1.0488756218596273,0.9819798602123008,0.9884663593781446,0.9820963904205453,0.9868832391833358,0.9919374502154507,0.9726946313195891
0.39,12.330000000001057,12.504772056243965,12.149098476399862,11.74091608954064,12.538028571093719,12.461850852709281,12.536663260826849,12.480341849913229,12.514776223786955,12.487721858623372,0.9999999999999143,0.9860235712048268,1.0148901191270732,1.050173590030521,0.983408191334535,0.9894196412501104,0.9835152897922521,0.9879537073806776,0.9925902252956752,0.9748992114554412
0.3925,12.330000000001935,12.489033586421955,12.133493876553416,11.726258495772731,12.519592597991021,12.449779489235933,12.518351433221456,12.466717424449742,12.49816433444937,12.47347746035196,0.999999999999843,0.9872661415055479,1.016195345334645,1.0514862864779004,0.9848563284701896,0.9903789870865187,0.9849539746326657,0.9890334063254204,0.993249655079545,0.9771271037020506
0.395,12.33000000000355,12.473173300263625,12.117702139759798,11.711474058078029,12.500955954947734,12.437655636443694,12.499838715745232,12.45300604085436,12.48141759301368,12.459132115646469,0.999999999999712,0.988521501560425,1.0175196466946999,1.0528136713495377,0.9863245694518208,0.9913443787486566,0.9864127274273308,0.9901223816602338,0.993915770097029,0.9793785116899819
0.3975,12.33000000000654,12.45719133019421,12.101722560803454,11.696564520568407,12.482116908279183,12.42547992873878,12.481123599164608,12.439207827071613,12.464536239817551,12.444685821886804,0.9999999999994695,0.9897897265264026,1.018863218690529,1.0541556863400101,0.9878132123423483,0.9923157955035647,0.9878918273692344,0.9912206767030661,0.9945885976151008,0.9816536356899586
0.4,12.330000000012124,12.441087879333026,12.085554594118152,11.681531830611327,12.463073790820928,12.413253032236755,12.462204679167018,12.425322948912452,12.447520613100826,12.430138632184907,0.9999999999990166,0.9910708870148275,1.0202262464645864,1.055512254624806,0.9893225545275245,0.9932932139528172,0.9893915496839798,0.9923283322852547,0.9952681614098572,0.9839526700475415
0.4025,12.330000000022642,12.425607369704755,12.06924759668734,11.666981623754623,12.444743597948705,12.401510702900513,12.443991977490356,12.411974461053726,12.431166669101788,12.416149491017528,0.9999999999981637,0.9923056179983717,1.0216046941802923,1.0568286123718096,0.9907797539543025,0.9942337103427418,0.9908395973176009,0.9933955341826599,0.9959226136640164,0.9861711367397956
0.405,12.330000000032431,12.409969743544785,12.052644164272527,11.652267922728027,12.426158017646493,12.38969643608947,12.42552559470607,12.398512707439126,12.414638661524632,12.402030400506856,0.9999999999973697,0.9935560081775071,1.0230120322102958,1.058163104536074,0.9922616453524944,0.995181767656907,0.992312148570458,0.9944741188676591,0.9965853450555798,0.988417827787267
0.4075,12.33000000001899,12.394174445589709,12.035740385359286,11.637392145256054,12.407313635950153,12.377810676337536,12.406802499703602,12.384937371290981,12.397936057536976,12.38778081187725,0.9999999999984599,0.9948222089440943,1.0244488170415058,1.0595157270717463,0.9937687046351323,0.9961373883001027,0.9938096459820781,0.9955641785142709,0.9972564232008124,0.9906930776223439
0.41,12.33000000000661,12.378221014233075,12.018532607309336,11.622355999875445,12.388207092639746,12.365853905800757,12.387819781655969,12.37124817662829,12.381058458968454,12.373400232332104,0.999999999999464,0.9961043663562293,1.0259155924327432,1.0608864502285198,0.9953014110755116,0.9971005717782304,0.9953325296399945,0.9966658031558838,0.997935911207687,0.9929972170252506
0.4125,12.330000000000913,12.36210908868623,12.001017458779867,11.607161501084033,12.36883511040146,12.353826661104533,12.368574672613459,12.35744490464246,12.364005591337273,12.358888228884316,0.9999999999999258,0.9974026205030323,1.0274128874780906,1.0622752168002882,0.9968602451197041,0.9980713133057346,0.9968812354184292,0.9977790793441329,0.9986238680787438,0.9953305724563214
0.415,12.32999999929526,12.346595134102824,11.985125895954587,11.59257444345346,12.350113866983685,12.342287922752302,12.349977623253958,12.344172151701684,12.347579763619668,12.34492376840916,1.0000000000571565,0.9986558938782251,1.0287751757502874,1.0636118888124093,0.9983713618189823,0.999004404788706,0.9983823757529453,0.9988519155819023,0.9992878756130719,0.9975836630467468
0.4175,12.329999999999997,12.330905760242093,11.969066401353741,11.577839194052412,12.331100170193634,12.330669221959978,12.331092632262877,12.330772843323901,12.330959739746671,12.330814176818002,1.0000000000000002,0.9999265455223075,1.030155534821449,1.0649655599236492,0.9999107808566592,0.9999457270365516,0.9999113920967541,0.9999373240157999,0.9999610833851459,0.9998679487133346
0.42,12.357856573206472,12.322861967706135,11.952839744845061,11.56295816603433,12.318205071091556,12.329509741448309,12.317038921562887,12.327687494793262,12.322472989462602,12.323530615288306,0.9977458410330744,1.0005792511765992,1.0315540292688687,1.0663361246275906,1.0009575200965053,1.0000397630207503,1.0010522885021027,1.0001875862936755,1.0003053713914587,1.0010501994930066
0.4225,12.38775763236761,12.31543801463309,11.936446917393093,11.547934100662129,12.305633151011564,12.329340065516647,12.303221997242474,12.32545465205749,12.314640577973625,12.31680785885178,0.9953375232159292,1.0011824171701897,1.0329707060510145,1.0677234466806516,1.0019801377701911,1.0000535255317677,1.0021765032577261,1.000368777304434,1.0006234301219727,1.0021432835749124
0.425,12.418021586522242,12.308180714433263,11.91988914337585,11.53277005795967,12.293007544021918,12.329545943009327,12.289348372575033,12.323460146000647,12.306980161794092,12.310241671086999,0.992911786639365,1.0017727466043094,1.0344055931805423,1.0691273595184618,1.0030092274689988,1.0000368267406416,1.0033078749330344,1.0005306832595613,1.000934798117788,1.0032126396563286
0.4275,12.448652741217513,12.301148788645046,11.904498048765246,11.519073694090192,12.28044394763066,12.33014187323788,12.275549577221161,12.321710804584104,12.299558069954546,12.303878771398802,0.9904686279162841,1.0023454078843097,1.0357429561071572,1.0703985691423998,1.004035363263793,0.9999884937870677,1.0044356810614719,1.000672730885131,1.0012367565110214,1.004250522436208
0.43,12.479655474949688,12.294346807511138,11.889013603971957,11.505290902990753,12.26791443179188,12.33128257484653,12.261798637569184,12.320230890247286,12.29237738067981,12.297725881494182,0.9880080443526594,1.0028999663867526,1.0370919245883203,1.0716808557004731,1.0050608087098512,0.9998959901503558,1.0055621009973081,1.00079293235977,1.0015291539928863,1.0052556820459069
0.4325,12.511034240200978,12.287789356310904,11.873437880142083,11.491424743672141,12.255429402911746,12.33291066459559,12.24811290871692,12.31903156785167,12.285453771451916,12.291795784339316,0.9855300339903738,1.0034351698637654,1.03845239470377,1.072974002356812,1.006084698841359,0.9997639920798304,1.006685690431936,1.0008903648057006,1.0018113258985868,1.0062258741888896
0.435,12.542793566642368,12.281491584398402,11.861475395013397,11.477478461635362,12.2429999966418,12.335043221873804,12.234511123173974,12.318124355146454,12.27880352084365,12.28610176966674,0.9830345954821185,1.0039497169597233,1.0394996903322473,1.0742777728761832,1.0071061017219687,0.9995911468015887,1.007804878827169,1.0009640789872838,1.0020825817473558,1.0071587644846236
0.4375,12.574938061548885,12.275469215941397,11.855932959551986,11.463455497397623,12.2306381207125,12.33769751286113,12.22101345826804,12.31752112820268,12.272443509642645,12.280657643599367,0.9805217281906266,1.0044422565931563,1.0399856377448617,1.075591910554291,1.0081240143242591,0.9993760981047632,1.0089179626635814,1.0010130992808892,1.0023422053073177,1.0080519275051243
0.44,12.607472412385315,12.270830831346416,11.851065476892316,11.450694108423331,12.219652952501695,12.341864067300074,12.208900475441606,12.318211585118172,12.267545696534974,12.27646375551153,0.9779914321198329,1.0048219366289717,1.0404127817909308,1.07679061926297,1.0090302930801087,0.9990387135010254,1.009918954192639,1.0009569907774656,1.0025422777180188,1.0087407869652127
0.4425,12.640401388587764,12.266507027506776,11.84666811134227,11.437901816390553,12.208783880634165,12.346578153590263,12.196955945269098,12.319231812812841,12.262980345019962,12.272553923720157,0.9754437079135789,1.0051761249026185,1.0407989726828744,1.0779949153201391,1.0099285989948688,0.9986572673509995,1.0109079720651535,1.0008740956701503,1.002728877217943,1.0093836254599826
0.445,12.673729843540002,12.262514155039902,11.842767030841497,11.4250814821653,12.198044734989654,12.35185583348155,12.18520336053721,12.32059395310159,12.258764914254662,12.268942646713755,0.9728785568429007,1.0055034264675944,1.0411418182836518,1.0792045570307125,1.0108177390620512,0.9982305627772706,1.0118829891614058,1.0007634410268056,1.0029012669680748,1.0099779228573085
0.4475,12.70746271660024,12.25886909196985,11.839389051103675,11.412236047482068,12.187450192927741,12.357713258387642,12.17366770114993,12.32231048832749,12.25491740489223,12.265644921328972,0.9702959807934636,1.005802403753275,1.0414388738117013,1.0804192928274055,1.0116964422266914,0.9977574120868331,1.012841840494406,1.0006240316440487,1.0030586882329697,1.0105210785723242
0.45,12.741605035180825,12.255589246412187,11.83656160226765,11.399368536369662,12.177015822499579,12.364166654384638,12.16237547505887,12.3243942471458,12.251456358310309,12.26267625031181,0.9676959822530721,1.0060715769835054,1.0416876466589602,1.08163886101771,1.012563355400898,0.9972366391250054,1.0137822192124288,1.0004548501728998,1.0032003606836846,1.0110104118467855
0.4525,12.776161916882641,12.253959395806516,11.836028849449837,11.389562689728503,12.168074371182776,12.372486272847373,12.152586537436864,12.328137047093044,12.24972985479006,12.261210852166721,0.9650785642992614,1.0062053905792692,1.0417345341780848,1.0825700982461437,1.0133074161019846,0.9965660682977993,1.0145988232230727,1.0001511139030852,1.003271054811232,1.0112520880291322
0.455,12.811138571685932,12.252725225225072,11.83609862360053,11.394479333952761,12.159297450703708,12.381418016641556,12.143062211165386,12.332748443111814,12.248421802202921,12.260102289264458,0.9624437305869673,1.006306741835346,1.0417283931222623,1.082102976242154,1.0140388496941006,0.9958471625323976,1.0153946167436023,0.9997771426925237,1.003324624825589,1.0114349718592084
0.4575,12.846540304199355,12.251907050530384,11.836797755020283,11.400208789932204,12.150703665437755,12.390976729995481,12.133834032541918,12.338232443166069,12.247553817928228,12.259368682959602,0.9597914853362888,1.0063739423705662,1.0416668642302802,1.081559138714101,1.0147560453698041,0.995078940803119,1.0161668576421914,0.999332769648814,1.0033601770093397,1.0115560249561761
0.46,12.882372514609372,12.251525821662707,11.838153445043291,11.406781854348015,12.142312833819489,12.40117727131472,12.124935363983345,12.344226462791227,12.247148162118428,12.259028766249457,0.9571218334213709,1.0064052575556375,1.041547573888109,1.080935899137939,1.0154572830357123,0.994260442395307,1.0169126374583233,0.9988475209172394,1.0033767937559253,1.0116121223142505
0.4625,12.918640710150676,12.251603118352005,11.840193217171247,11.414229251620895,12.134146049051868,12.412034508246075,12.116401425385302,12.35074727894087,12.247227728040865,12.259101887447361,0.9544347796832713,1.0063989080360072,1.0413681410298616,1.0802306251426532,1.016140728004789,0.9933907283135915,1.0176288789976191,0.9983201600298107,1.0033735344579198,1.01160005453469
0.465,12.95535048385813,12.252201003652678,11.842820832180841,11.423271754156758,12.126249872390323,12.423784527085097,12.10828894782514,12.357933253521736,12.247857377223516,12.259645141528413,0.9517303306740105,1.0063497975852769,1.0411370884287408,1.0793755296518526,1.0168024022062736,0.992451211071744,1.018310683956273,0.9977396500734639,1.0033477429489925,1.0115104037045706
0.4675,12.992507547436844,12.253302775973381,11.846200928966587,11.433209970904528,12.118621299191604,12.436265683366686,12.100614449747058,12.365716141149363,12.249020260074913,12.260642264925153,0.9490084923931759,1.0062593102797563,1.040840019001401,1.0784372920096492,1.0174424710195784,0.9914551774566207,1.0189565208614457,0.997111680331193,1.0033001145038885,1.0113458838279663
0.47,13.030117714445868,12.25493206954301,11.850365785851363,11.44406883412659,12.111285736410194,12.449496383848736,12.093418842253035,12.37411782871054,12.250741323731718,12.262114629383625,0.9462692717142775,1.0061255280756354,1.0404742117514458,1.0774140018479734,1.0180587155112926,0.9904015086101183,1.0195628019531067,0.9964346687722515,1.0032296369724234,1.0111030251726538
0.4725,13.068186907930329,12.257113117488398,11.855347920376074,11.45587287266377,12.104270134660263,12.46349504819717,12.086744805221281,12.38316066902979,12.25304609312254,12.26408423648687,0.943512676002333,1.0059464966842484,1.0400369590847798,1.0763038431948813,1.018648779548745,0.9892891161202426,1.020125782309364,0.9957070193587373,1.003135279957752,1.010778285755183
0.475,13.106721163128087,12.259870733266677,11.86118001036004,11.468646159648577,12.097603048328727,12.478280097775858,12.080636710359625,12.392867469851328,12.255960644801391,12.266573692679788,0.9407387131029257,1.0057202288881424,1.0395255774914867,1.075105102063574,1.0192101650833532,0.9881169442732505,1.0206415684552896,0.994927124815603,1.0030159966335763,1.0103680598860145
0.4775,13.145726630253321,12.26530614397083,11.870550581549496,11.484716032974744,12.093745156153155,12.495313224698672,12.077389589726163,12.405363466794485,12.26170023051729,12.271487879185528,0.9379473913312616,1.005274540665336,1.0387049796295573,1.0736007720694434,1.019535292070103,0.9867699815342037,1.0209159776123082,0.9939249287619656,1.0027812180130047,1.009559006741681
0.48,13.185209577359366,12.271370461327697,11.880768754537062,11.501751446786004,12.09030387680522,12.5130717181077,12.074788159388454,12.418491810953432,12.268104510004116,12.27696975925142,0.9351387194612463,1.0047777498737465,1.0378116311111083,1.0720106461216772,1.019825483762623,0.9853695621481353,1.0211359269614275,0.9928741901753818,1.0025194445041532,1.00865763679021
0.4825,13.225176393283396,12.278089225086559,11.891858238075024,11.519771876540702,12.08731099734608,12.531568408708551,12.072878163225885,12.432269011683466,12.275200111331314,12.283042938879905,0.9323127067145943,1.0042279196674493,1.0368438433383056,1.0703336951584324,1.0200779977206846,0.9839151491549553,1.0212974763182245,0.9917739061479961,1.0022296526266739,1.0076604499132773
0.485,13.265633590675444,12.285488436242913,11.903842550558789,11.538796342397363,12.084799957731736,12.550816104681564,12.071706452955047,12.44671178096568,12.283014067480726,12.289731564497528,0.9294693627499925,1.0036231008631107,1.0357999904342827,1.0685689940375749,1.020289954581448,0.9824062353523609,1.0213966060267912,0.9906230831869858,1.0019108129505148,1.0065639199532685
0.4875,13.30658780911457,12.293594525856733,11.916744976389152,11.558843393724448,12.08280588095705,12.570827590767255,12.071320820500073,12.461837025456408,12.29157378541607,12.297060303919315,0.9266086976523282,1.0029613368219277,1.0346785153521063,1.0667157240571516,1.020458337366202,0.9808423439882245,1.0214292357353825,0.9894207390782674,1.001561892312028,1.0053645037852947
0.49,13.348045818314938,12.30373339869229,11.93174431687448,11.581437418179014,12.082215786088273,12.592513210411841,12.07251054613039,12.478966640125082,12.30227344141031,12.306236683507136,0.9237307219220007,1.002134848054372,1.0333778257854793,1.064634686938427,1.020508176504928,0.9791532312870804,1.021328575600387,0.9880625820694084,1.0011262533687013,1.0038657244389244
0.4925,13.39001452142481,12.314689319174372,11.947728138529495,11.605089755283766,12.082219440144415,12.614929214669338,12.074589611301326,12.49675716098116,12.31383739206255,12.316149680948598,0.9208354464643241,1.0012432860000609,1.0319953598741287,1.0624648546458837,1.0205078678700628,0.9774133322652334,1.0211527179739195,0.9866559653170001,1.000656063066149,1.0022503959771554
0.495,13.432500960255247,12.326495457651223,11.964720686678337,11.629818107779109,12.082862459919722,12.638086407235205,12.077614439563602,12.515222925066553,12.326300299154024,12.32682991623623,0.9179228824537305,1.0002843097099916,1.0305296983429264,1.0602057474787625,1.0204535589890278,0.9756223848051215,1.020896971144371,0.985200189706923,1.0001500621915906,1.00051440498646
0.4975,13.475512308550265,12.34066536706492,11.982745856001038,11.655639788084631,12.084192730249441,12.661995601674478,12.081641974440656,12.534378415482674,12.341361878890261,12.339500762458817,0.9149930420216059,0.9991357542930073,1.0289795133913362,1.0578569880483744,1.0203412238812815,0.9737801518719076,1.0205566450392056,0.9836945711460072,0.9995395769429832,0.9984606986782475
0.5,13.51905589892269,12.356256951641917,12.001827160649697,11.682571725542589,12.086260382847863,12.686667634179582,12.086729400651953,12.55423825676561,12.357958687554065,12.353408816124778,0.9120459366532063,0.9978750076382613,1.027343573187446,1.0554183008388371,1.0201666693775717,0.9718864208897006,1.020127082462434,0.9821384418409643,0.9988681577745879,0.9962137354205246
0.5025,13.56313919899605,12.372851216540798,12.022842033637922,11.711715421824554,12.09001108161706,12.712467792769372,12.093707473812007,12.575150233865271,12.375609622680171,12.368230931047263,0.9090815790574998,0.9965366740623607,1.0255478667608457,1.0527919741819618,1.0198501818371237,0.9699139617103365,1.0195384688028601,0.980505184486379,0.9981555767909228,0.9938274367241239
0.505,13.607769832422449,12.390336442181091,12.044961706441967,11.74204176953673,12.094580502921195,12.73908513717849,12.101806706157774,12.596832545345253,12.394193102368762,12.383871519603556,0.9060999819839706,0.9951303628870249,1.023664524678861,1.0500729125311625,1.0194648749513837,0.9678874006435051,1.018856134408932,0.9788174888897883,0.9974069938867794,0.991318652601896
0.5075,13.652955577988582,12.40873195939799,12.068208767076365,11.773569083964968,12.100015268605112,12.766531580647273,12.111072578004904,12.619301744418973,12.413727818258113,12.40035085526103,0.9031011585417107,0.9936551164409382,1.0216926337600185,1.0472610227252892,1.0190069786103169,0.9658065639919764,1.0180766336412428,0.9770746630615341,0.9966219060473297,0.9886855951927515
0.51,13.6987043738174,12.428056957286522,12.092605384903788,11.806315526757286,12.106363243449696,12.794819073369402,12.121549437566816,12.642574526456412,12.434232246882344,12.417689225187878,0.9000851221788951,0.9921100331593643,1.0196313869129123,1.0443562999867197,1.0184726620251796,0.9636713054945141,1.0171966928408638,0.9752760384522705,0.9957998370270176,0.9859265908778764
0.5125,13.74502432144812,12.448330465822673,12.11817330438307,11.841473668950767,12.113673411393568,12.823959590538466,12.133280302689128,12.666667701824647,12.45572463949999,12.435906908687913,0.897051886678725,0.9904942702037389,1.017480084687377,1.0412555349702957,1.0178580502593841,0.9614815075600431,1.0162132327287676,0.9734209730806983,0.9949403382015155,0.9830400876687543
0.515,13.791923690506753,12.470449649789643,12.146320937962379,11.881599798234221,12.124375572806114,12.857733594380823,12.148179536440235,12.692587435884134,12.479164890583165,12.455798289117245,0.894001466125206,0.9887374029217932,1.0151221973283733,1.0377390426693565,1.016959589049277,0.9589559395902043,1.0149668897314503,0.971433134676777,0.9940054754361081,0.9799028482185459
0.5175,13.839410923012514,12.493574569259279,12.175467584343444,11.9225490992811,12.135953897834785,12.89310612179462,12.164177917580918,12.71939044879733,12.503651899918342,12.47662429348216,0.8909338749019564,0.9869073043625354,1.0126921134310496,1.0341748142386318,1.015989357227192,0.9563250223433172,1.0136320007437098,0.9693860762931333,0.9930316739364579,0.9766342671618878
0.52,13.88749463859049,12.517724743783292,12.205626264047424,11.964329507908577,12.148437638577633,12.929362223001666,12.181296317488023,12.747095023845018,12.52920445820575,12.498405818275028,0.8878491276416027,0.9850032855310608,1.0101898692670057,1.0305633919435024,1.0149453260430634,0.9536433265103064,1.0122075416799845,0.9672792096501368,0.9920185429565626,0.9732331858597506
0.5225,13.936183632727465,12.542919493662295,12.23680983098995,12.006949148214915,12.161856478199205,12.966512797715426,12.199554781339703,12.775719565270999,12.555841106625474,12.521163660701026,0.8847472396276743,0.9830247261197939,1.0076155607790882,1.0269053235586587,1.0138254815045877,0.9509110269163831,1.010692621247115,0.9651119795645308,0.9909657230709337,0.9696986007504962
0.525,13.985486897426929,12.569177910552312,12.26903098190332,12.050416327579004,12.176240492287834,13.004568896065102,12.218972515888073,12.805282595059447,12.583580135407182,12.544918497889231,0.881628225776572,0.9809710776429131,1.004969342581872,1.0232011629159343,1.0126278310460075,0.9481283154054255,1.0090864828419541,0.9628838651914778,0.9898728865374408,0.9660296692990735
0.5275,14.035413608813446,12.597434086973951,12.303359082934758,12.095271818032504,12.191412960555693,13.044267304098172,12.239585663301945,12.838136628549549,12.61344704163532,12.57046152320794,0.8784921017402334,0.9787707492551609,1.0021653368714722,1.0194066066061902,1.0113675945431997,0.9452428191291535,1.0073870422729376,0.960419752238845,0.9887002506011809,0.9621077368735587
0.53,14.085973141486852,12.626887409001236,12.339691661415014,12.141085255504706,12.207770398732412,13.08474086829374,12.261563045675599,12.87543535140915,12.644561371326379,12.597118647454753,0.8753388833097334,0.9764876806623304,0.9992145945230284,1.015559955351573,1.010012442671782,0.9423190053291318,1.0055814217216406,0.9576375216431454,0.9874830595747937,0.9580401576128759
0.5325,14.137175071936625,12.657560555411521,12.379656337114952,12.187866867719361,12.22535475044503,13.125999202860491,12.284927831410423,12.913515691789568,12.676945706672429,12.62491337721966,0.8721685865287184,0.9741213519005066,0.995988875962083,1.0116618546808294,1.0085596902250349,0.9393570584183014,1.003668899745128,0.9548135685342012,0.9862209483109404,0.9538264011825504
0.535,14.189029184033588,12.689475963313715,12.420673408978859,12.2356271867233,12.244207583622615,13.168052110791301,12.309701511059894,12.952389214625931,12.710622445122995,12.653868979694636,0.8689812276850138,0.9716713310815207,0.9926997992787322,1.0077129526616422,1.007006775717535,0.9363571693261669,1.0016489830335746,0.9519479221699789,0.9849135877353653,0.9494661508000771
0.5375,14.2415454746978,12.722655837904796,12.462753763277833,12.28437706855277,12.264369914449768,13.210909590903642,12.336704357875709,12.992067665794618,12.745613827127752,12.684008467237643,0.8657768233023627,0.9691372742525227,0.9893479590627074,1.0037138986529501,1.0053512806616267,0.9333195352793731,0.9994565519541344,0.9490406236462497,0.9835606841283134,0.9449593067039439
0.54,14.29473415974962,12.756982563411883,12.506164594341762,12.334262951145762,12.287289062817349,13.25502976999764,12.369165188410868,13.0326302680874,12.781704165729677,12.71535426425315,0.8625553901322756,0.9665295016835322,0.9859137793195633,0.9996543813633091,1.0034760260757516,0.9302129239957335,0.9968336433531049,0.946086840980373,0.9821711146935065,0.9403060360393021
0.5425,14.348605679950873,12.792383332658543,12.550594816949026,12.386963352816885,12.311501852095168,13.300129829794068,12.402952644367883,13.074222533836219,12.818890349220208,12.747738330687092,0.859316945146005,0.9638547938539259,0.9824235567981908,0.9954013464644722,1.001502509452304,0.927058619561679,0.9941181228002988,0.9430771097929407,0.9807454951499847,0.9355346399031184
0.545,14.403170707243559,12.828872620979014,12.596055110627658,12.440676979323781,12.338164553547438,13.346860704648266,12.438072921621114,13.116860929395688,12.860420708858856,12.781177265426221,0.8560615055266315,0.9611132922028386,0.9788779019866959,0.9911036208473443,0.9993382683857064,0.9238127431498457,0.991311120114656,0.940011491039576,0.979160646165007,0.9306458321730943
0.5475,14.458440151193596,12.870445560271138,12.642556341183203,12.495417024168795,12.36921017411419,13.395611042175515,12.47453169132914,13.160562153244145,12.904464611553731,12.815687588466732,0.8527890886612768,0.9580087917127437,0.9752774413063083,0.9867617844327369,0.9968300179589277,0.920450732794459,0.9884138583390989,0.936890070228542,0.9774882436838909,0.9256404595616482
0.55,14.514425165647726,12.91330664588705,12.690109607185516,12.551197184133272,12.401630204770997,13.445120629580082,12.512334174508934,13.205343156571272,12.949702595682918,12.85329181181285,0.849499712133433,0.954829025447728,0.9716228134876304,0.9823764075340237,0.9942241299258028,0.917061314635828,0.9854276450767754,0.9337129564758275,0.9757793903846608,0.9202321839069829
0.5525,14.571137155611577,12.958314532835418,12.739503554206335,12.608541559872416,12.43695540216948,13.495603245461792,12.552627310779771,13.251479395586108,12.99709667695911,12.894373884649148,0.8461933937154328,0.9515126345140553,0.9678556112909811,0.9779085028550095,0.9914001941222028,0.913630889685961,0.9822644849346729,0.930462149313454,0.9739986694574717,0.9143777203045667
0.555,14.628587784357583,13.004276128963191,12.789997873432155,12.666836281654529,12.473618727066063,13.546961617401271,12.594211305616001,13.29849201776555,13.045445803128484,12.936413224181297,0.8428701513610579,0.9481496607518629,0.964034562164574,0.9734080180587499,0.9884862019427907,0.9101671908601213,0.9790212106812766,0.9271727939926019,0.9721920735205349,0.9084444873450331
0.5575,14.686788980771531,13.051203030340975,12.842303632021471,12.726095018664749,12.511636601198738,13.59920781462308,12.637091480767804,13.34713062293831,13.094761212291292,12.97942288933128,0.8395300031983081,0.9447404941395557,0.9601081202640254,0.9688753684391154,0.9854825865721406,0.9066704596382213,0.9756991961927979,0.9237940609354436,0.9703596890223327,0.9024338722894355
0.56,14.745752943728627,13.099107040420426,12.898014885393566,12.78633186752421,12.551024737334323,13.65235419324562,12.681273083782868,13.398112607247251,13.145054381372724,13.023416113893013,0.8361729677048435,0.9412855366364162,0.9559610614159844,0.9643109632807796,0.9823899050507914,0.9031409400512151,0.9722998565315901,0.9202788751999671,0.9685016049193932,0.8963473093615125
0.5625,14.805492159664125,13.148000205390813,12.95461264538617,12.847829305702213,12.591798152004197,13.706413403416192,12.726761342661217,13.450029174552236,13.196337070741365,13.068406293129058,0.8327990631470987,0.9377851998317259,0.9517845371001016,0.9596951910411521,0.97920883508107,0.8995788786676218,0.9688246418724582,0.9167266360528529,0.9666179112039214,0.8901862811116042
0.565,14.866019405210103,13.198228471015696,13.012189570030133,12.910987094937173,12.634000534813804,13.761510733083462,12.773757902211294,13.503176349822732,13.248985144528955,13.114694419135539,0.8294083078943578,0.9342162872144248,0.9475730378535705,0.9550005672947346,0.9759379039144321,0.895977210580374,0.9652601915890017,0.913118490092286,0.9646954534540899,0.8839135709576866
0.5675,14.927347741054403,13.249464614690979,13.070608552671152,12.974931605347049,12.677753322438628,13.817506614328526,12.82218361658203,13.55723149534479,13.302641347793642,13.162000534088863,0.8260007212191509,0.9306036401145237,0.9433378675761964,0.9502940265919191,0.9725697989545881,0.8923462346827461,0.9616146803618124,0.9094777207451099,0.9627479381104752,0.8775711653017851
0.57,14.989490547842468,13.301721515332176,13.12988256590547,13.039676217883297,12.723069907242285,13.87634114786185,12.874881947298961,13.612208794559589,13.358512215819173,13.210338648720258,0.822576321766635,0.9269476876198222,0.9390792292398307,0.9455756258034989,0.9691057339063632,0.8885627607894232,0.9576786840043008,0.9058045013920114,0.9607325219233827,0.8711606520381423
0.5725,15.052461516655047,13.355987332126551,13.190024895672984,13.105234626893491,12.7699627911042,13.936601683300553,12.929262207334439,13.66812275579642,13.416588578263092,13.259722992705935,0.819135128587259,0.9231814686093152,0.9347973258219462,0.9408454217750043,0.9655470577086813,0.8847207002245278,0.9536507035185278,0.902099009519874,0.9586509062534396,0.8646836566138776
0.575,15.116274663237775,13.41238003123226,13.251049155484326,13.171620851549035,12.818443668019619,13.997750039183297,12.984772089696994,13.724988201427246,13.47566522158414,13.310168025262053,0.8156771608540632,0.9192999282221489,0.9304923599122621,0.9361034711646701,0.9618952440195042,0.8808558493675887,0.9495738481065421,0.8983614280060231,0.9565472593024897,0.8581418401685343
0.5775,15.180944337595086,13.469869794804978,13.313593198284657,13.238844420044243,12.871762896375898,14.059917822954102,13.041645811496355,13.783038756429288,13.535874570992243,13.36272540837854,0.8122024378592297,0.9153763316075556,0.9261211317158629,0.9313501699084695,0.9579107461241043,0.8769610288809901,0.9454328217632599,0.8945777645911719,0.9544174642861628,0.851404742368012
0.58,15.246485233947501,13.52843244534844,13.378742369956742,13.307008669513026,12.927082645300253,14.122967326205394,13.099580095614865,13.842785059491472,13.597162741325212,13.417007693453547,0.8087109790095282,0.9114137982955663,0.921611288942091,0.926579391824445,0.9538114931509833,0.8730459906340989,0.9412515447061935,0.8907167124975177,0.9522640531268839,0.8445294828952821
0.5825,15.312912401057833,13.588082521888293,13.445395447475114,13.376675965770357,12.983519709858331,14.186913317564839,13.158586314385051,13.906084191408349,13.659544729733888,13.47238730679409,0.8052028038211875,0.9074127994246638,0.9170425703109705,0.921753657751096,0.9496654432340008,0.8691108293961455,0.9370307497638075,0.8866622573461688,0.9500871100067727,0.8376007048954435
0.585,15.380241252936115,13.648834939265411,13.51301240716604,13.447614519220211,13.041088008225193,14.251770929878797,13.21867625951983,13.970279091690657,13.72303595880898,13.528879403805888,0.8016779319145063,0.9033738084507605,0.912453835494247,0.9168912436013954,0.945473260530356,0.8651556400019166,0.9327711608883815,0.8825879511121382,0.9478867174580435,0.8306202260050103
0.5875,15.448487579936106,13.710705002430037,13.581609237097753,13.51957216445161,13.099801755758318,14.317555671227588,13.279862149209674,14.035385505714382,13.787652291820226,13.586499454608294,0.7981363830083744,0.8992973007452698,0.9078452917288313,0.9120111087849752,0.9412356179039172,0.8611805173405569,0.9284734932834975,0.8784938607478896,0.9456629562071165,0.8235898805711134
0.59,15.517667560258221,13.773552651439763,13.65131038554275,13.59275241321919,13.15981191159803,14.385006470598915,13.342773791970869,14.101407269632718,13.854317991266498,13.64524155631234,0.7945781769148057,0.8951938771375105,0.9032099960937033,0.9071010509989763,0.936943482386196,0.8571424715867121,0.924095708451543,0.874380816342534,0.9433849911320026,0.8165141150240167
0.5925,15.587797771875463,13.837759727875017,13.722082425696211,13.666903459372584,13.221099210655899,14.453537927139589,13.408380014136373,14.168488058956868,13.924208319567926,13.705044388425094,0.7910033335335284,0.8910401858736019,0.8985516642073673,0.9021794905227231,0.9326002175418444,0.8530783301746353,0.9195741757766827,0.8702410552695046,0.9410144279674576,0.8094038395565967
0.595,15.658895206698492,13.905612477601101,13.793943185482526,13.7420428943033,13.283676567498597,14.523028907376231,13.47507037891354,14.236645937377798,13.995206957322,13.765925055157677,0.7874118727562291,0.8866923351891859,0.8938705803121432,0.8972465080218419,0.9282068813816218,0.848996450990854,0.9150230502168357,0.8660747801297798,0.9386244778876836,0.8022603922692518
0.5975,15.730977272803862,13.97458119158754,13.867436211457976,13.818188741378707,13.348169210665798,14.593496528741692,13.542859930299148,14.30589942442132,14.067332001155442,13.827901063367332,0.7838038149935183,0.8823162448276052,0.8891333489468177,0.8923021845169685,0.9237221828254744,0.8448969015558562,0.9104428505838975,0.8618821951838762,0.9362151607081978,0.7950851206124377
0.6,15.804061832966243,14.044683595877283,13.942478938923944,13.89557678541142,13.415502420256098,14.664958342975856,13.611764195260395,14.37673413560652,14.14060205769519,13.893248948712476,0.7801791799042713,0.8779122659352314,0.8843477586742267,0.887332723960399,0.9190859659033646,0.8407797493612219,0.9058340875676714,0.85763566910948,0.93378649369252,0.7876232318260091
0.6025,15.878167187983088,14.116090998528971,14.018607272850586,13.973893477276263,13.48412659326971,14.737664001427502,13.681976703497552,14.448947474500256,14.21514374411354,13.96003791394903,0.7765379879191338,0.8734712748228175,0.8795452900573896,0.8823596673361298,0.9144085020793437,0.8366319111906545,0.9011855718807105,0.853349354460606,0.9313349704548765,0.7801048134514039
0.605,15.953312109889087,14.188582048237212,14.095806365058039,14.05324426450973,13.553996760198864,14.811473703711464,13.753387145634813,14.522276976955864,14.290767406678354,14.027941691263615,0.7728802592884095,0.8690086125647685,0.874728247584666,0.8773774772518799,0.9096947725564525,0.8324627411592639,0.8965064292481155,0.8490404100930868,0.9288674897641753,0.7725707280979713
0.6075,16.029515851908936,14.26217569323636,14.174095857282811,14.13364870279265,13.625129352589122,14.88742765055483,13.826011927393644,14.59674276378315,14.36791109309106,14.096979417852234,0.7692060143246081,0.8645244782566612,0.8698967556131424,0.8723861940592686,0.904945537097377,0.8282156118179679,0.8917972922886332,0.8447090011473449,0.926370512140142,0.7650221715570532
0.61,16.106798163947747,14.336960486996508,14.25349590537414,14.215126851177907,13.69754129761443,14.96474910766287,13.902031880523563,14.672365478461073,14.446663634904938,14.167170719157395,0.7655152733954629,0.860014925142829,0.8650509378089551,0.8673858579727202,0.9001615495875452,0.8239362993186623,0.8869207110130465,0.8403552936368953,0.9238421177255781,0.7574603401114769
0.6125,16.18517930865871,14.413599948689889,14.334046873391978,14.297699290326932,13.771250037011137,15.043103922124082,13.979337382562685,14.749166304448282,14.526620641385692,14.238535725071596,0.7618080569180797,0.8554420855228969,0.8601897362905898,0.8623765089493682,0.8953435575465057,0.8196446733221137,0.8820160543074089,0.8359794543967768,0.9212961169119773,0.7498864301011748
0.615,16.264680078123522,14.491516242248922,14.415953311670734,14.381584333551162,13.84692619090733,15.122580647414113,14.057894308066524,14.827019339525647,14.607800481870608,14.311215390100704,0.7580843853537713,0.8508426443364714,0.8553024370589486,0.8573464309655391,0.8904503302759402,0.8153370305952621,0.8770872599977476,0.8315899317087199,0.9187325937425971,0.7422891576337413
0.6175,16.34532181117907,14.57057520341563,14.499046715118183,14.466724226538632,13.92608004725339,15.203227299093768,14.1376723820723,14.907766516467676,14.690119828062064,14.385532215222927,0.7543442792033089,0.8462260293683946,0.8504007361493281,0.8523007563371605,0.885389137371203,0.8110120145829145,0.8721379069184986,0.8270856661445442,0.9161548164045641,0.734639516262628
0.62,16.42712641142318,14.65079844719639,14.583349662262593,14.553034817000125,14.006494377230988,15.285065978112597,14.218692305686748,14.989776409381934,14.773600410994986,14.461195283157183,0.7505877590024449,0.8415923571973988,0.8454847675981054,0.8472459631304333,0.8803059258027972,0.8066697270169395,0.867168353806252,0.8225606348793029,0.9135627100611243,0.7269721465953874
0.6225,16.51011636607165,14.732208162888805,14.668885351042244,14.640539152989298,14.088190532903852,15.368540230140058,14.300975402315458,15.073002957077842,14.85893997168832,14.538082295300345,0.7468148453113386,0.8369417444874222,0.84055466417044,0.8421820993854905,0.8752011105473417,0.8022882990421553,0.862178953052647,0.8180188138429437,0.9109354935616175,0.7193030591624101
0.625,16.594314764792443,14.814827153148254,14.755677605395947,14.729260896183149,14.17119048857052,15.453715044222827,14.384846892176546,15.15746983658818,14.946882381208122,14.616216394506033,0.7430255587389551,0.8322743068507409,0.8356105581685445,0.8371092132121252,0.8700751013081438,0.7978664007143972,0.8571519803040718,0.8134603026051859,0.9082517216903138,0.7116332388848292
0.6275,16.679745321050873,14.900299885258415,14.843853122302406,14.819226516638853,14.255482465428127,15.540035437517622,14.470153092406225,15.243104310047725,15.036217855609891,14.695749201020364,0.7392199198892309,0.8275001238195657,0.8306468609201324,0.8320272307165303,0.8649303894064801,0.7934344840831072,0.8520987940667087,0.8088903512831367,0.9055495801819488,0.7039514209170236
0.63,16.766432392294966,14.987237279157037,14.933585624880163,14.910458518401128,14.341137035207858,15.627642939811354,14.556814957724995,15.32986207890546,15.126691867531761,14.776656238166993,0.7353979493971696,0.8226999926896136,0.8256556937978479,0.8269363403401335,0.8597644642631568,0.7889865443872778,0.8470259487262857,0.8043125200041169,0.9028374347381242,0.696263795214997
0.6325,16.854401002165357,15.0753513849023,15.024598216391006,15.002968264876815,14.428755438072491,15.716562962615491,14.644856584116436,15.419342606202271,15.218328134032651,14.859323421469059,0.7315596679120137,0.8178913834372231,0.820654224653319,0.8218373712664276,0.8545435573372736,0.784522673903257,0.8419338167758439,0.7996449858400827,0.9001151392969319,0.68853826722373
0.635,16.943676863315048,15.164667292349293,15.116916862812102,15.096778019908038,14.517801781105067,15.806821617917835,14.734302822836815,15.51017060209808,15.311151038658227,14.943974021356754,0.7277050960937426,0.8130742180028303,0.8156425091105732,0.8167305622259594,0.8493021316799839,0.7800429648692511,0.8368227630620998,0.7949622422806945,0.897382545321119,0.6807598679580094
0.6375,17.034286401175063,15.255210801845392,15.210568240930709,15.19191455377078,14.608301485333342,15.898995071859003,14.825179294098003,15.602371017137099,15.406683699130305,15.029909602969171,0.7238342546095414,0.8082484182066146,0.8106206030370859,0.8116159392786719,0.8440406307591101,0.7755207133703642,0.8316931455195722,0.7902645044434053,0.8945960062640121,0.6729974460209986
0.64,17.126256778710715,15.347403476462897,15.305476229719995,15.288376303200069,14.700206467359322,15.992672431001987,14.918199188827547,15.696004346258775,15.504085023081052,15.117153074915477,0.7199471641302937,0.8033932266724824,0.8055940119039059,0.806495062357875,0.8387637294331761,0.7709780871956176,0.8265072643107028,0.7855502411949141,0.891781518383634,0.6652519124789406
0.6425,17.219615922216327,15.44223788162539,15.402284459290764,15.386243013880934,14.793538762178324,16.0876826185074,15.01265250245473,15.791021007814313,15.602897301359098,15.205804202022573,0.716043845327127,0.7984594004131603,0.8005305987296228,0.801365218843632,0.8334719770717272,0.7664248663020905,0.8213072272194346,0.7808234815151219,0.8889532321207031,0.6575175742645472
0.645,17.31439254819928,15.538492211910699,15.500685944283541,15.485527971848976,14.88896999673289,16.184053845117987,15.108520945561477,15.888029931317007,15.703149965237415,15.295891772992803,0.7121243188680239,0.7935132850630578,0.7954486688085665,0.796227291856927,0.8281298170864466,0.7618610342006131,0.8160957677079741,0.7760559398051139,0.8861110435666608,0.649795275030548
0.6475,17.41061619140724,15.636196089774698,15.60054175355216,15.586254868886723,14.986255289335201,16.281815123362566,15.205833703989702,15.986809616550415,15.804873283857143,15.388146229368274,0.708188605414511,0.7885549611432164,0.7903571680254323,0.7910816359491941,0.8227539009544635,0.7572865744131833,0.8108730004567166,0.7712608266276789,0.8832548466261725,0.6420273718158027
0.65,17.508317233734328,15.735379985719181,15.701882746754118,15.688454472942528,15.08501092536145,16.381251548926574,15.304620822379583,16.08697592959017,15.90882076946726,15.482318584372873,0.7042367256313501,0.7835845089975728,0.7852561504160288,0.785928277464503,0.8173676546213414,0.7526897418779919,0.8056390382419755,0.766458534777836,0.8803645448312846,0.634240766820104
0.6525,17.607526938522263,15.836144763036291,15.804672407654127,15.792160325208886,15.185337414855363,16.482472081798097,15.405818829452924,16.188632645468793,16.01451064344033,15.578057565396072,0.7002687000310115,0.7785985910396506,0.7801490395984823,0.7807671494011955,0.8119674698790642,0.7480673978277961,0.8003469427037166,0.7616455490730512,0.877454694969193,0.6264689410394241
0.655,17.70827746912521,15.939117176105322,15.908999423778253,15.897512808819275,15.287187687446885,16.585212126499,15.508839959082627,16.291761871803264,16.121701884896822,15.675344069475692,0.6962845494993873,0.7735685649192774,0.77503302826016,0.7755930218945841,0.8065577692962331,0.7434333613556716,0.7950304492489804,0.7568242217767726,0.874532785064815,0.6187169141465957
0.6575,17.810601942839643,16.043609489370798,16.014916311357698,16.00447769330959,15.39143631768549,16.68950470496864,15.613425080198612,16.396903157392,16.230427140998323,15.774211267851621,0.6922842944652414,0.7685302991305581,0.7699072389941635,0.7704093964374954,0.8010948260775537,0.7387876523579054,0.7897050094176488,0.7519712644299803,0.8715986794521035,0.6109854202140628
0.66,17.91453444989639,16.14965533061726,16.12245139782026,16.113017703953,15.497875581952297,16.795383811167238,15.719608130851617,16.503904915918284,16.34080520384611,15.874906023932322,0.6882679555243095,0.7634837863458434,0.7647720371895185,0.7652197885300585,0.795592914319084,0.73413029071725,0.7843706978802414,0.7470959183791416,0.8686499757480831,0.6032590239706059
0.6625,18.020110094540705,16.257289326896093,16.23164033541883,16.223167856550212,15.605941579288055,16.903019396958182,15.82742406424277,16.612514092199685,16.453604773730774,15.977496694107653,0.6842355532409008,0.7584290192585317,0.7596274772731922,0.760024189420051,0.7900836958382679,0.7294554724476544,0.7790275884409938,0.7422115600064101,0.865667290278127,0.5955369062277827
0.665,18.12736503278724,16.36685939580829,16.342581554424722,16.334990289133593,15.715656212534773,17.012406689306463,15.93737498712183,16.72280974989245,16.568147167957093,16.081769808838605,0.6801871081482909,0.7533516175472145,0.7544707645446429,0.754821385366981,0.7845679387008745,0.7247651802111164,0.7736531273163388,0.7373162874187036,0.86266974402782,0.5878391008651488
0.6675,18.236336511913848,16.4785691072885,16.45551565482007,16.44853381985977,15.82709854122302,17.1234995063063,16.049037873497994,16.83477337552335,16.684377541127844,16.187757906501503,0.6761226407477609,0.7482445787447904,0.7492928364349588,0.7496108853855958,0.7790436110500905,0.7200630919783112,0.7682703534746282,0.7324125917802378,0.8596596327746037,0.5801666383485277
0.67,18.347062911771154,16.591982604573687,16.570164764182703,16.563810604360942,15.940842354152055,17.23633629156037,16.162439613168,16.948784325912367,16.80233395714647,16.295499445208918,0.6720421715068785,0.743129998014894,0.744108472997924,0.7443939256799845,0.7734848464133044,0.7153492361388472,0.7628798804577991,0.7274858044626316,0.8566368097483888,0.5725201831803546
0.6725,18.45958378799538,16.70713898790009,16.68656819047702,16.68086030259606,16.056372083756866,17.350996796606218,16.27761965120364,17.064570996849195,16.922383264588973,16.40533511105771,0.6679457208573918,0.7380078665132209,0.7389176647500652,0.7391705089743523,0.7679194238699425,0.7106219973720296,0.7574817611055473,0.7225496616514188,0.853592862237456,0.5648796650100186
0.675,18.573939917292247,16.824078568452734,16.804766453308766,16.79972379612889,16.17371380979212,17.467652653285242,16.39486563724835,17.182174290619688,17.044383755062952,16.517124471883342,0.663833309190412,0.7328781751602313,0.733720402140566,0.7339406379312715,0.7623481004427688,0.7058761840951208,0.7520647178703819,0.7176041746201672,0.8505324474205135,0.5572592292928532
0.6775,18.690173342922662,16.943220593103,16.925127634595295,16.92046534130819,16.292778178587007,17.5861488122987,16.51409712501298,17.301583118450566,17.16826310531369,16.630739930503324,0.6597049569189231,0.7277246927316237,0.7285026303020152,0.7287033631337894,0.7567770127874729,0.7011199627389219,0.7466348239725705,0.7126515484499899,0.8474583402662654,0.5496712330856401
0.68,18.808327431985848,17.064238971485818,17.047453411665572,17.04311408851038,16.41415129393554,17.70656708456287,16.63528414477835,17.42314337652287,17.294024678856793,16.746320733330176,0.6555606842015805,0.7225637205739626,0.7232751838208621,0.7234593358916885,0.7511810863200407,0.6963518078413783,0.74119563529489,0.7076794200416373,0.8443713734830014,0.5421099065376106
0.6825,18.928446913520393,17.187160221070883,17.171707827228403,17.167707470491898,16.537725549165298,17.828952483917078,16.758471930411744,17.546755863016738,17.422058568078402,16.863944934832283,0.6514005114277395,0.7173960003516947,0.7180415672137674,0.7182088826474343,0.7455680627510671,0.6915717572932282,0.735747271660529,0.7026939963294249,0.8412630294231935,0.534573963166449
0.685,19.050577944735437,17.312029840280367,17.297936827049988,17.294291754949533,16.663353876013126,17.953719402690616,16.88374227393531,17.67238169049818,17.552278078803376,16.983658315370025,0.6472244587942989,0.7122215080354966,0.7128017707128356,0.7129520060554789,0.7399470773857246,0.6867657739015447,0.7302883329979951,0.6976988283718095,0.8381365748043781,0.5270643782767974
0.6875,19.174768163476365,17.439267613892657,17.42621122967299,17.422846974106353,16.7910847833978,18.080514875580054,17.01109695567401,17.800069042258876,17.68460828205917,17.10539782297988,0.6430325464631113,0.7070251040919598,0.7075548343523309,0.7076914592847375,0.7343182503724416,0.6819496062389889,0.7248209819818444,0.692693942407051,0.8349948867907622,0.5195888166747106
0.69,19.301066748190717,17.56870015464507,17.556600082049844,17.553462816379263,16.920979290910633,18.20937968342183,17.14054452966524,17.930240134764595,17.819071292743608,17.229250972830627,0.6388247945495454,0.7018162921256308,0.7022999864652834,0.7024255059517253,0.7286812298519418,0.6771235601850549,0.7193470416683901,0.6876650790690527,0.8318384782302983,0.5121454970932111
0.6925,19.42952448029619,17.70024339640851,17.689123551956786,17.686216203169636,17.053020813479662,18.340368068520416,17.272130425657643,18.062660499631086,17.956254185183113,17.35530638740819,0.6346012231284436,0.6966005903908549,0.697038491691469,0.6971530743693091,0.7230390518408137,0.6722874892114804,0.7138667724326503,0.6826236921328299,0.828654829874892,0.5047328638103054
0.695,19.56019381173014,17.83396335810349,17.823834094704726,17.821159662549658,17.187246087308537,18.47341275613812,17.406063425043794,18.197256161611712,18.095713174025814,17.483766157970322,0.6303618521717186,0.691377443836534,0.6917703528032229,0.6918741671963651,0.7173924162931931,0.6674457049579611,0.7083738407076944,0.6775746788689456,0.8254555395253568,0.49734318892434226
0.6975,19.693128930291838,17.970374544470342,17.96084914688544,17.95834745916664,17.32370921937964,18.608708078733745,17.542349659479953,18.334074701894217,18.237453911072087,17.614465756725547,0.6261067016645627,0.6861292717905013,0.6864931551489659,0.6865887870827606,0.7117413392165869,0.6625930154759573,0.7028704956486157,0.6725182590603334,0.8222415795075411,0.489989983193828
0.7,19.82838583567973,18.109076655923413,18.100165334791406,18.09783566661821,17.462780555800673,18.746310055254895,17.68092139662351,18.472976668949467,18.381450899259853,17.74746130114146,0.6218357914850067,0.68087402987313,0.6812092470945429,0.681296936668671,0.7060731228111493,0.6577294392153564,0.6973618468975624,0.6674614611907691,0.8190146006882049,0.4826737465929765
